<?xml version="1.0" encoding="UTF-8" standalone="no"?>
<xmi:XMI xmlns:xmi="http://www.omg.org/spec/XMI/2.4.1" xmi:version="2.4.1">
  <xmi:Documentation exporter="DK-IXL" exporterVersion="0.1" />
  <interlocking id="ixl_pieton_left" version="0.1">
    <network id="net_pieton_left">
      <trackSection id="556" length="100" type="linear">
        <neighbor ref="42M" side="down" />
        <neighbor ref="557" side="up" />
      </trackSection>
      <trackSection id="557" length="100" type="linear">
        <neighbor ref="556" side="down" />
        <neighbor ref="A951" side="up" />
      </trackSection>
      <trackSection id="A951" length="100" type="linear">
        <neighbor ref="557" side="down" />
      </trackSection>
      <trackSection id="42M" length="100" type="point">
        <neighbor ref="042" side="plus" />
        <neighbor ref="556" side="minus" />
        <neighbor ref="41AM" side="stem" />
      </trackSection>
      <trackSection id="042" length="100" type="linear">
        <neighbor ref="42M" side="down" />
        <neighbor ref="A942" side="up" />
      </trackSection>
      <trackSection id="041" length="100" type="linear">
        <neighbor ref="41BM" side="down" />
        <neighbor ref="A941" side="up" />
      </trackSection>
      <trackSection id="A941" length="100" type="linear">
        <neighbor ref="041" side="down" />
      </trackSection>
      <trackSection id="A942" length="100" type="linear">
        <neighbor ref="042" side="down" />
      </trackSection>
      <trackSection id="41AM" length="100" type="point">
        <neighbor ref="542" side="plus" />
        <neighbor ref="41BM" side="minus" />
        <neighbor ref="42M" side="stem" />
      </trackSection>
      <trackSection id="41BM" length="100" type="point">
        <neighbor ref="041" side="plus" />
        <neighbor ref="41AM" side="minus" />
        <neighbor ref="40M" side="stem" />
      </trackSection>
      <trackSection id="40M" length="100" type="point">
        <neighbor ref="543" side="plus" />
        <neighbor ref="38M" side="minus" />
        <neighbor ref="41BM" side="stem" />
      </trackSection>
      <trackSection id="542" length="100" type="linear">
        <neighbor ref="AR542" side="down" />
        <neighbor ref="41AM" side="up" />
      </trackSection>
      <trackSection id="543" length="100" type="linear">
        <neighbor ref="AR543" side="down" />
        <neighbor ref="40M" side="up" />
      </trackSection>
      <trackSection id="AR542" length="100" type="linear">
        <neighbor ref="542" side="up" />
      </trackSection>
      <trackSection id="AR543" length="100" type="linear">
        <neighbor ref="543" side="up" />
      </trackSection>
      <markerboard distance="20.0" id="NYM" mounted="down" track="556" />
      <markerboard distance="20.0" id="LYM" mounted="up" track="556" />
      <markerboard distance="20.0" id="LZM" mounted="down" track="557" />
      <markerboard distance="20.0" id="AOY557" mounted="up" track="557" />
      <markerboard distance="20.0" id="QM" mounted="down" track="042" />
      <markerboard distance="20.0" id="QXM" mounted="down" track="041" />
      <markerboard distance="20.0" id="AO041" mounted="up" track="041" />
      <markerboard distance="20.0" id="AOX042" mounted="up" track="042" />
      <markerboard distance="20.0" id="PXM" mounted="up" track="542" />
      <markerboard distance="20.0" id="PM" mounted="up" track="543" />
      <markerboard distance="20.0" id="FM" mounted="down" track="542" />
      <markerboard distance="20.0" id="FXM" mounted="down" track="543" />
      <markerboard distance="20.0" id="AIY557" mounted="down" track="A951" />
      <markerboard distance="20.0" id="AI042" mounted="down" track="A942" />
      <markerboard distance="20.0" id="AIX041" mounted="down" track="A941" />
      <markerboard distance="20.0" id="AIY551" mounted="down" track="A952" />
      <markerboard distance="20.0" id="AIX542" mounted="up" track="AR542" />
      <markerboard distance="20.0" id="AI543" mounted="up" track="AR543" />
      <trackSection id="544" length="100" type="linear">
        <neighbor ref="AR544" side="down" />
        <neighbor ref="38M" side="up" />
      </trackSection>
      <trackSection id="38M" length="100" type="point">
        <neighbor ref="544" side="plus" />
        <neighbor ref="36M" side="minus" />
        <neighbor ref="40M" side="stem" />
      </trackSection>
      <trackSection id="AR544" length="100" type="linear">
        <neighbor ref="544" side="up" />
      </trackSection>
      <markerboard distance="20.0" id="GYM" mounted="up" track="544" />
      <markerboard distance="20.0" id="GM" mounted="down" track="544" />
      <markerboard distance="20.0" id="AIY544" mounted="up" track="AR544" />
      <trackSection id="36M" length="100" type="point">
        <neighbor ref="38M" side="plus" />
        <neighbor ref="551" side="minus" />
        <neighbor ref="A931" side="stem" />
      </trackSection>
      <trackSection id="37M" length="100" type="point">
        <neighbor ref="546" side="plus" />
        <neighbor ref="548" side="minus" />
        <neighbor ref="A931" side="stem" />
      </trackSection>
      <trackSection id="551" length="100" type="linear">
        <neighbor ref="36M" side="down" />
        <neighbor ref="A952" side="up" />
      </trackSection>
      <trackSection id="A952" length="100" type="linear">
        <neighbor ref="551" side="down" />
      </trackSection>
      <trackSection id="A931" length="100" type="linear">
        <neighbor ref="37M" side="down" />
        <neighbor ref="36M" side="up" />
      </trackSection>
      <markerboard distance="20.0" id="KYM" mounted="down" track="551" />
      <markerboard distance="20.0" id="AOY551" mounted="up" track="551" />
      <markerboard distance="20.0" id="JYM" mounted="up" track="A931" />
      <markerboard distance="20.0" id="HM" mounted="down" track="A931" />
      <trackSection id="546" length="100" type="linear">
        <neighbor ref="A966" side="down" />
        <neighbor ref="37M" side="up" />
      </trackSection>
      <trackSection id="548" length="100" type="linear">
        <neighbor ref="A968" side="down" />
        <neighbor ref="37M" side="up" />
      </trackSection>
      <markerboard distance="20.0" id="jy546m" mounted="up" track="546" />
      <markerboard distance="20.0" id="j546m" mounted="down" track="546" />
      <markerboard distance="20.0" id="jy548m" mounted="up" track="548" />
      <markerboard distance="20.0" id="j548m" mounted="down" track="548" />
      <trackSection id="A966" length="100" type="linear">
        <neighbor ref="546" side="up" />
      </trackSection>
      <trackSection id="A968" length="100" type="linear">
        <neighbor ref="548" side="up" />
      </trackSection>
      <markerboard distance="20.0" id="AIY546" mounted="up" track="A966" />
      <markerboard distance="20.0" id="AIY548" mounted="up" track="A968" />
    </network>
    <routetable id="rt_pieton_left" network="net_pieton_left">
      <route id="r_01" source="AI042" destination="QM" dir="down">
        <condition type='point' val='plus' ref='42M'/>
        <condition type='point' val='plus' ref='41BM'/>
        <condition type='signal' ref='AOX042'/>
        <condition type='signal' ref='PXM'/>
        <condition type='trackvacancy' ref='042'/>
        <condition type='mutualblocking' ref='r_11'/>
        <condition type='mutualblocking' ref='r_12'/>
        <condition type='mutualblocking' ref='r_16'/>
        <condition type='mutualblocking' ref='r_17'/>
        <condition type='mutualblocking' ref='r_21'/>
        <condition type='mutualblocking' ref='r_22'/>
        <condition type='mutualblocking' ref='r_23'/>
        <condition type='mutualblocking' ref='r_24'/>
        <condition type='mutualblocking' ref='r_25'/>
        <condition type='mutualblocking' ref='r_27'/>
        <condition type='mutualblocking' ref='r_28'/>
        <condition type='mutualblocking' ref='r_29'/>
        <condition type='mutualblocking' ref='r_30'/>
        <condition type='mutualblocking' ref='r_32'/>
        <condition type='mutualblocking' ref='r_33'/>
        <condition type='mutualblocking' ref='r_34'/>
      </route>
      <route id="r_02" source="AI543" destination="PM" dir="up">
        <condition type='point' val='plus' ref='41AM'/>
        <condition type='point' val='plus' ref='40M'/>
        <condition type='signal' ref='FXM'/>
        <condition type='signal' ref='QXM'/>
        <condition type='trackvacancy' ref='543'/>
        <condition type='mutualblocking' ref='r_10'/>
        <condition type='mutualblocking' ref='r_11'/>
        <condition type='mutualblocking' ref='r_12'/>
        <condition type='mutualblocking' ref='r_15'/>
        <condition type='mutualblocking' ref='r_16'/>
        <condition type='mutualblocking' ref='r_17'/>
        <condition type='mutualblocking' ref='r_23'/>
        <condition type='mutualblocking' ref='r_24'/>
        <condition type='mutualblocking' ref='r_25'/>
        <condition type='mutualblocking' ref='r_27'/>
        <condition type='mutualblocking' ref='r_28'/>
        <condition type='mutualblocking' ref='r_32'/>
        <condition type='mutualblocking' ref='r_33'/>
        <condition type='mutualblocking' ref='r_34'/>
        <condition type='mutualblocking' ref='r_35'/>
        <condition type='mutualblocking' ref='r_36'/>
        <condition type='mutualblocking' ref='r_37'/>
      </route>
      <route id="r_03" source="AIX041" destination="QXM" dir="down">
        <condition type='point' val='plus' ref='41BM'/>
        <condition type='point' val='minus' ref='36M'/>
        <condition type='signal' ref='AO041'/>
        <condition type='signal' ref='GYM'/>
        <condition type='signal' ref='PM'/>
        <condition type='trackvacancy' ref='041'/>
        <condition type='mutualblocking' ref='r_10'/>
        <condition type='mutualblocking' ref='r_11'/>
        <condition type='mutualblocking' ref='r_12'/>
        <condition type='mutualblocking' ref='r_15'/>
        <condition type='mutualblocking' ref='r_16'/>
        <condition type='mutualblocking' ref='r_17'/>
        <condition type='mutualblocking' ref='r_23'/>
        <condition type='mutualblocking' ref='r_24'/>
        <condition type='mutualblocking' ref='r_25'/>
        <condition type='mutualblocking' ref='r_26'/>
        <condition type='mutualblocking' ref='r_27'/>
        <condition type='mutualblocking' ref='r_28'/>
        <condition type='mutualblocking' ref='r_32'/>
        <condition type='mutualblocking' ref='r_33'/>
        <condition type='mutualblocking' ref='r_34'/>
        <condition type='mutualblocking' ref='r_37'/>
      </route>
      <route id="r_04" source="AIX542" destination="PXM" dir="up">
        <condition type='point' val='plus' ref='41AM'/>
        <condition type='signal' ref='FM'/>
        <condition type='signal' ref='NYM'/>
        <condition type='signal' ref='QM'/>
        <condition type='trackvacancy' ref='542'/>
        <condition type='mutualblocking' ref='r_11'/>
        <condition type='mutualblocking' ref='r_12'/>
        <condition type='mutualblocking' ref='r_16'/>
        <condition type='mutualblocking' ref='r_17'/>
        <condition type='mutualblocking' ref='r_22'/>
        <condition type='mutualblocking' ref='r_23'/>
        <condition type='mutualblocking' ref='r_24'/>
        <condition type='mutualblocking' ref='r_25'/>
        <condition type='mutualblocking' ref='r_27'/>
        <condition type='mutualblocking' ref='r_28'/>
        <condition type='mutualblocking' ref='r_31'/>
        <condition type='mutualblocking' ref='r_32'/>
        <condition type='mutualblocking' ref='r_33'/>
        <condition type='mutualblocking' ref='r_34'/>
      </route>
      <route id="r_05" source="AIY544" destination="GYM" dir="up">
        <condition type='point' val='plus' ref='40M'/>
        <condition type='point' val='plus' ref='38M'/>
        <condition type='signal' ref='GM'/>
        <condition type='trackvacancy' ref='544'/>
        <condition type='mutualblocking' ref='r_10'/>
        <condition type='mutualblocking' ref='r_11'/>
        <condition type='mutualblocking' ref='r_12'/>
        <condition type='mutualblocking' ref='r_15'/>
        <condition type='mutualblocking' ref='r_16'/>
        <condition type='mutualblocking' ref='r_17'/>
        <condition type='mutualblocking' ref='r_24'/>
        <condition type='mutualblocking' ref='r_25'/>
        <condition type='mutualblocking' ref='r_33'/>
        <condition type='mutualblocking' ref='r_34'/>
        <condition type='mutualblocking' ref='r_36'/>
        <condition type='mutualblocking' ref='r_37'/>
      </route>
      <route id="r_06" source="AIY546" destination="jy546m" dir="up">
        <condition type='point' val='plus' ref='37M'/>
        <condition type='signal' ref='HM'/>
        <condition type='signal' ref='j546m'/>
        <condition type='trackvacancy' ref='546'/>
        <condition type='mutualblocking' ref='r_07'/>
        <condition type='mutualblocking' ref='r_13'/>
        <condition type='mutualblocking' ref='r_14'/>
        <condition type='mutualblocking' ref='r_19'/>
        <condition type='mutualblocking' ref='r_25'/>
        <condition type='mutualblocking' ref='r_34'/>
        <condition type='mutualblocking' ref='r_37'/>
        <condition type='mutualblocking' ref='r_39'/>
      </route>
      <route id="r_07" source="AIY548" destination="jy548m" dir="up">
        <condition type='point' val='minus' ref='37M'/>
        <condition type='signal' ref='HM'/>
        <condition type='signal' ref='j548m'/>
        <condition type='trackvacancy' ref='548'/>
        <condition type='mutualblocking' ref='r_06'/>
        <condition type='mutualblocking' ref='r_13'/>
        <condition type='mutualblocking' ref='r_14'/>
        <condition type='mutualblocking' ref='r_19'/>
        <condition type='mutualblocking' ref='r_25'/>
        <condition type='mutualblocking' ref='r_34'/>
        <condition type='mutualblocking' ref='r_37'/>
        <condition type='mutualblocking' ref='r_38'/>
      </route>
      <route id="r_08" source="AIY551" destination="KYM" dir="down">
        <condition type='point' val='minus' ref='36M'/>
        <condition type='signal' ref='AOY551'/>
        <condition type='signal' ref='JYM'/>
        <condition type='trackvacancy' ref='551'/>
        <condition type='mutualblocking' ref='r_15'/>
        <condition type='mutualblocking' ref='r_16'/>
        <condition type='mutualblocking' ref='r_17'/>
        <condition type='mutualblocking' ref='r_18'/>
        <condition type='mutualblocking' ref='r_25'/>
        <condition type='mutualblocking' ref='r_34'/>
        <condition type='mutualblocking' ref='r_37'/>
        <condition type='mutualblocking' ref='r_38'/>
        <condition type='mutualblocking' ref='r_39'/>
      </route>
      <route id="r_09" source="AIY557" destination="LZM" dir="down">
        <condition type='point' val='plus' ref='42M'/>
        <condition type='signal' ref='AOY557'/>
        <condition type='signal' ref='LYM'/>
        <condition type='trackvacancy' ref='557'/>
        <condition type='mutualblocking' ref='r_12'/>
        <condition type='mutualblocking' ref='r_17'/>
        <condition type='mutualblocking' ref='r_20'/>
        <condition type='mutualblocking' ref='r_21'/>
        <condition type='mutualblocking' ref='r_22'/>
        <condition type='mutualblocking' ref='r_23'/>
        <condition type='mutualblocking' ref='r_24'/>
        <condition type='mutualblocking' ref='r_25'/>
        <condition type='mutualblocking' ref='r_28'/>
        <condition type='mutualblocking' ref='r_30'/>
      </route>
      <route id="r_10" source="GYM" destination="AO041" dir="up">
        <condition type='point' val='plus' ref='41BM'/>
        <condition type='point' val='minus' ref='40M'/>
        <condition type='point' val='plus' ref='38M'/>
        <condition type='signal' ref='AIX041'/>
        <condition type='signal' ref='QXM'/>
        <condition type='trackvacancy' ref='38M'/>
        <condition type='trackvacancy' ref='40M'/>
        <condition type='trackvacancy' ref='41BM'/>
        <condition type='trackvacancy' ref='041'/>
        <condition type='mutualblocking' ref='r_02'/>
        <condition type='mutualblocking' ref='r_03'/>
        <condition type='mutualblocking' ref='r_05'/>
        <condition type='mutualblocking' ref='r_11'/>
        <condition type='mutualblocking' ref='r_12'/>
        <condition type='mutualblocking' ref='r_15'/>
        <condition type='mutualblocking' ref='r_16'/>
        <condition type='mutualblocking' ref='r_17'/>
        <condition type='mutualblocking' ref='r_23'/>
        <condition type='mutualblocking' ref='r_24'/>
        <condition type='mutualblocking' ref='r_25'/>
        <condition type='mutualblocking' ref='r_26'/>
        <condition type='mutualblocking' ref='r_27'/>
        <condition type='mutualblocking' ref='r_28'/>
        <condition type='mutualblocking' ref='r_32'/>
        <condition type='mutualblocking' ref='r_33'/>
        <condition type='mutualblocking' ref='r_34'/>
        <condition type='mutualblocking' ref='r_35'/>
        <condition type='mutualblocking' ref='r_36'/>
        <condition type='mutualblocking' ref='r_37'/>
      </route>
      <route id="r_11" source="GYM" destination="AOX042" dir="up">
        <condition type='point' val='plus' ref='42M'/>
        <condition type='point' val='minus' ref='41BM'/>
        <condition type='point' val='minus' ref='41AM'/>
        <condition type='point' val='minus' ref='40M'/>
        <condition type='point' val='plus' ref='38M'/>
        <condition type='signal' ref='AI042'/>
        <condition type='signal' ref='QM'/>
        <condition type='trackvacancy' ref='38M'/>
        <condition type='trackvacancy' ref='40M'/>
        <condition type='trackvacancy' ref='41BM'/>
        <condition type='trackvacancy' ref='41AM'/>
        <condition type='trackvacancy' ref='42M'/>
        <condition type='trackvacancy' ref='042'/>
        <condition type='mutualblocking' ref='r_01'/>
        <condition type='mutualblocking' ref='r_02'/>
        <condition type='mutualblocking' ref='r_03'/>
        <condition type='mutualblocking' ref='r_04'/>
        <condition type='mutualblocking' ref='r_05'/>
        <condition type='mutualblocking' ref='r_10'/>
        <condition type='mutualblocking' ref='r_12'/>
        <condition type='mutualblocking' ref='r_15'/>
        <condition type='mutualblocking' ref='r_16'/>
        <condition type='mutualblocking' ref='r_17'/>
        <condition type='mutualblocking' ref='r_21'/>
        <condition type='mutualblocking' ref='r_22'/>
        <condition type='mutualblocking' ref='r_23'/>
        <condition type='mutualblocking' ref='r_24'/>
        <condition type='mutualblocking' ref='r_25'/>
        <condition type='mutualblocking' ref='r_26'/>
        <condition type='mutualblocking' ref='r_27'/>
        <condition type='mutualblocking' ref='r_28'/>
        <condition type='mutualblocking' ref='r_29'/>
        <condition type='mutualblocking' ref='r_30'/>
        <condition type='mutualblocking' ref='r_31'/>
        <condition type='mutualblocking' ref='r_32'/>
        <condition type='mutualblocking' ref='r_33'/>
        <condition type='mutualblocking' ref='r_34'/>
        <condition type='mutualblocking' ref='r_35'/>
        <condition type='mutualblocking' ref='r_36'/>
        <condition type='mutualblocking' ref='r_37'/>
      </route>
      <route id="r_12" source="GYM" destination="LYM" dir="up">
        <condition type='point' val='minus' ref='42M'/>
        <condition type='point' val='minus' ref='41BM'/>
        <condition type='point' val='minus' ref='41AM'/>
        <condition type='point' val='minus' ref='40M'/>
        <condition type='point' val='plus' ref='38M'/>
        <condition type='signal' ref='AIY557'/>
        <condition type='signal' ref='LZM'/>
        <condition type='signal' ref='NYM'/>
        <condition type='trackvacancy' ref='38M'/>
        <condition type='trackvacancy' ref='40M'/>
        <condition type='trackvacancy' ref='41BM'/>
        <condition type='trackvacancy' ref='41AM'/>
        <condition type='trackvacancy' ref='42M'/>
        <condition type='trackvacancy' ref='556'/>
        <condition type='mutualblocking' ref='r_01'/>
        <condition type='mutualblocking' ref='r_02'/>
        <condition type='mutualblocking' ref='r_03'/>
        <condition type='mutualblocking' ref='r_04'/>
        <condition type='mutualblocking' ref='r_05'/>
        <condition type='mutualblocking' ref='r_09'/>
        <condition type='mutualblocking' ref='r_10'/>
        <condition type='mutualblocking' ref='r_11'/>
        <condition type='mutualblocking' ref='r_15'/>
        <condition type='mutualblocking' ref='r_16'/>
        <condition type='mutualblocking' ref='r_17'/>
        <condition type='mutualblocking' ref='r_21'/>
        <condition type='mutualblocking' ref='r_22'/>
        <condition type='mutualblocking' ref='r_23'/>
        <condition type='mutualblocking' ref='r_24'/>
        <condition type='mutualblocking' ref='r_25'/>
        <condition type='mutualblocking' ref='r_26'/>
        <condition type='mutualblocking' ref='r_27'/>
        <condition type='mutualblocking' ref='r_28'/>
        <condition type='mutualblocking' ref='r_29'/>
        <condition type='mutualblocking' ref='r_30'/>
        <condition type='mutualblocking' ref='r_31'/>
        <condition type='mutualblocking' ref='r_32'/>
        <condition type='mutualblocking' ref='r_33'/>
        <condition type='mutualblocking' ref='r_34'/>
        <condition type='mutualblocking' ref='r_35'/>
        <condition type='mutualblocking' ref='r_36'/>
        <condition type='mutualblocking' ref='r_37'/>
      </route>
      <route id="r_13" source="HM" destination="j546m" dir="down">
        <condition type='point' val='plus' ref='37M'/>
        <condition type='signal' ref='AIY546'/>
        <condition type='signal' ref='jy546m'/>
        <condition type='trackvacancy' ref='37M'/>
        <condition type='trackvacancy' ref='546'/>
        <condition type='mutualblocking' ref='r_06'/>
        <condition type='mutualblocking' ref='r_07'/>
        <condition type='mutualblocking' ref='r_14'/>
        <condition type='mutualblocking' ref='r_38'/>
        <condition type='mutualblocking' ref='r_39'/>
      </route>
      <route id="r_14" source="HM" destination="j548m" dir="down">
        <condition type='point' val='minus' ref='37M'/>
        <condition type='signal' ref='AIY548'/>
        <condition type='signal' ref='jy548m'/>
        <condition type='trackvacancy' ref='37M'/>
        <condition type='trackvacancy' ref='548'/>
        <condition type='mutualblocking' ref='r_06'/>
        <condition type='mutualblocking' ref='r_07'/>
        <condition type='mutualblocking' ref='r_13'/>
        <condition type='mutualblocking' ref='r_38'/>
        <condition type='mutualblocking' ref='r_39'/>
      </route>
      <route id="r_15" source="JYM" destination="AO041" dir="up">
        <condition type='point' val='plus' ref='41BM'/>
        <condition type='point' val='minus' ref='40M'/>
        <condition type='point' val='minus' ref='38M'/>
        <condition type='point' val='plus' ref='36M'/>
        <condition type='signal' ref='AIX041'/>
        <condition type='signal' ref='QXM'/>
        <condition type='trackvacancy' ref='36M'/>
        <condition type='trackvacancy' ref='38M'/>
        <condition type='trackvacancy' ref='40M'/>
        <condition type='trackvacancy' ref='41BM'/>
        <condition type='trackvacancy' ref='041'/>
        <condition type='mutualblocking' ref='r_02'/>
        <condition type='mutualblocking' ref='r_03'/>
        <condition type='mutualblocking' ref='r_05'/>
        <condition type='mutualblocking' ref='r_08'/>
        <condition type='mutualblocking' ref='r_10'/>
        <condition type='mutualblocking' ref='r_11'/>
        <condition type='mutualblocking' ref='r_12'/>
        <condition type='mutualblocking' ref='r_16'/>
        <condition type='mutualblocking' ref='r_17'/>
        <condition type='mutualblocking' ref='r_18'/>
        <condition type='mutualblocking' ref='r_19'/>
        <condition type='mutualblocking' ref='r_23'/>
        <condition type='mutualblocking' ref='r_24'/>
        <condition type='mutualblocking' ref='r_25'/>
        <condition type='mutualblocking' ref='r_26'/>
        <condition type='mutualblocking' ref='r_27'/>
        <condition type='mutualblocking' ref='r_28'/>
        <condition type='mutualblocking' ref='r_32'/>
        <condition type='mutualblocking' ref='r_33'/>
        <condition type='mutualblocking' ref='r_34'/>
        <condition type='mutualblocking' ref='r_35'/>
        <condition type='mutualblocking' ref='r_36'/>
        <condition type='mutualblocking' ref='r_37'/>
        <condition type='mutualblocking' ref='r_38'/>
        <condition type='mutualblocking' ref='r_39'/>
      </route>
      <route id="r_16" source="JYM" destination="AOX042" dir="up">
        <condition type='point' val='plus' ref='42M'/>
        <condition type='point' val='minus' ref='41BM'/>
        <condition type='point' val='minus' ref='41AM'/>
        <condition type='point' val='minus' ref='40M'/>
        <condition type='point' val='minus' ref='38M'/>
        <condition type='point' val='plus' ref='36M'/>
        <condition type='signal' ref='AI042'/>
        <condition type='signal' ref='QM'/>
        <condition type='trackvacancy' ref='36M'/>
        <condition type='trackvacancy' ref='38M'/>
        <condition type='trackvacancy' ref='40M'/>
        <condition type='trackvacancy' ref='41BM'/>
        <condition type='trackvacancy' ref='41AM'/>
        <condition type='trackvacancy' ref='42M'/>
        <condition type='trackvacancy' ref='042'/>
        <condition type='mutualblocking' ref='r_01'/>
        <condition type='mutualblocking' ref='r_02'/>
        <condition type='mutualblocking' ref='r_03'/>
        <condition type='mutualblocking' ref='r_04'/>
        <condition type='mutualblocking' ref='r_05'/>
        <condition type='mutualblocking' ref='r_08'/>
        <condition type='mutualblocking' ref='r_10'/>
        <condition type='mutualblocking' ref='r_11'/>
        <condition type='mutualblocking' ref='r_12'/>
        <condition type='mutualblocking' ref='r_15'/>
        <condition type='mutualblocking' ref='r_17'/>
        <condition type='mutualblocking' ref='r_18'/>
        <condition type='mutualblocking' ref='r_19'/>
        <condition type='mutualblocking' ref='r_21'/>
        <condition type='mutualblocking' ref='r_22'/>
        <condition type='mutualblocking' ref='r_23'/>
        <condition type='mutualblocking' ref='r_24'/>
        <condition type='mutualblocking' ref='r_25'/>
        <condition type='mutualblocking' ref='r_26'/>
        <condition type='mutualblocking' ref='r_27'/>
        <condition type='mutualblocking' ref='r_28'/>
        <condition type='mutualblocking' ref='r_29'/>
        <condition type='mutualblocking' ref='r_30'/>
        <condition type='mutualblocking' ref='r_31'/>
        <condition type='mutualblocking' ref='r_32'/>
        <condition type='mutualblocking' ref='r_33'/>
        <condition type='mutualblocking' ref='r_34'/>
        <condition type='mutualblocking' ref='r_35'/>
        <condition type='mutualblocking' ref='r_36'/>
        <condition type='mutualblocking' ref='r_37'/>
        <condition type='mutualblocking' ref='r_38'/>
        <condition type='mutualblocking' ref='r_39'/>
      </route>
      <route id="r_17" source="JYM" destination="LYM" dir="up">
        <condition type='point' val='minus' ref='42M'/>
        <condition type='point' val='minus' ref='41BM'/>
        <condition type='point' val='minus' ref='41AM'/>
        <condition type='point' val='minus' ref='40M'/>
        <condition type='point' val='minus' ref='38M'/>
        <condition type='point' val='plus' ref='36M'/>
        <condition type='signal' ref='AIY557'/>
        <condition type='signal' ref='LZM'/>
        <condition type='signal' ref='NYM'/>
        <condition type='trackvacancy' ref='36M'/>
        <condition type='trackvacancy' ref='38M'/>
        <condition type='trackvacancy' ref='40M'/>
        <condition type='trackvacancy' ref='41BM'/>
        <condition type='trackvacancy' ref='41AM'/>
        <condition type='trackvacancy' ref='42M'/>
        <condition type='trackvacancy' ref='556'/>
        <condition type='mutualblocking' ref='r_01'/>
        <condition type='mutualblocking' ref='r_02'/>
        <condition type='mutualblocking' ref='r_03'/>
        <condition type='mutualblocking' ref='r_04'/>
        <condition type='mutualblocking' ref='r_05'/>
        <condition type='mutualblocking' ref='r_08'/>
        <condition type='mutualblocking' ref='r_09'/>
        <condition type='mutualblocking' ref='r_10'/>
        <condition type='mutualblocking' ref='r_11'/>
        <condition type='mutualblocking' ref='r_12'/>
        <condition type='mutualblocking' ref='r_15'/>
        <condition type='mutualblocking' ref='r_16'/>
        <condition type='mutualblocking' ref='r_18'/>
        <condition type='mutualblocking' ref='r_19'/>
        <condition type='mutualblocking' ref='r_21'/>
        <condition type='mutualblocking' ref='r_22'/>
        <condition type='mutualblocking' ref='r_23'/>
        <condition type='mutualblocking' ref='r_24'/>
        <condition type='mutualblocking' ref='r_25'/>
        <condition type='mutualblocking' ref='r_26'/>
        <condition type='mutualblocking' ref='r_27'/>
        <condition type='mutualblocking' ref='r_28'/>
        <condition type='mutualblocking' ref='r_29'/>
        <condition type='mutualblocking' ref='r_30'/>
        <condition type='mutualblocking' ref='r_31'/>
        <condition type='mutualblocking' ref='r_32'/>
        <condition type='mutualblocking' ref='r_33'/>
        <condition type='mutualblocking' ref='r_34'/>
        <condition type='mutualblocking' ref='r_35'/>
        <condition type='mutualblocking' ref='r_36'/>
        <condition type='mutualblocking' ref='r_37'/>
        <condition type='mutualblocking' ref='r_38'/>
        <condition type='mutualblocking' ref='r_39'/>
      </route>
      <route id="r_18" source="JYM" destination="AOY551" dir="up">
        <condition type='point' val='minus' ref='36M'/>
        <condition type='signal' ref='AIY551'/>
        <condition type='signal' ref='KYM'/>
        <condition type='trackvacancy' ref='36M'/>
        <condition type='trackvacancy' ref='551'/>
        <condition type='mutualblocking' ref='r_08'/>
        <condition type='mutualblocking' ref='r_15'/>
        <condition type='mutualblocking' ref='r_16'/>
        <condition type='mutualblocking' ref='r_17'/>
        <condition type='mutualblocking' ref='r_19'/>
        <condition type='mutualblocking' ref='r_25'/>
        <condition type='mutualblocking' ref='r_34'/>
        <condition type='mutualblocking' ref='r_37'/>
      </route>
      <route id="r_19" source="KYM" destination="HM" dir="down">
        <condition type='point' val='minus' ref='36M'/>
        <condition type='signal' ref='JYM'/>
        <condition type='signal' ref='jy546m'/>
        <condition type='signal' ref='jy548m'/>
        <condition type='trackvacancy' ref='36M'/>
        <condition type='trackvacancy' ref='A931'/>
        <condition type='mutualblocking' ref='r_06'/>
        <condition type='mutualblocking' ref='r_07'/>
        <condition type='mutualblocking' ref='r_15'/>
        <condition type='mutualblocking' ref='r_16'/>
        <condition type='mutualblocking' ref='r_17'/>
        <condition type='mutualblocking' ref='r_18'/>
        <condition type='mutualblocking' ref='r_25'/>
        <condition type='mutualblocking' ref='r_34'/>
        <condition type='mutualblocking' ref='r_37'/>
        <condition type='mutualblocking' ref='r_38'/>
        <condition type='mutualblocking' ref='r_39'/>
      </route>
      <route id="r_20" source="LYM" destination="AOY557" dir="up">
        <condition type='signal' ref='AIY557'/>
        <condition type='signal' ref='LZM'/>
        <condition type='trackvacancy' ref='557'/>
        <condition type='mutualblocking' ref='r_09'/>
        <condition type='mutualblocking' ref='r_21'/>
      </route>
      <route id="r_21" source="LZM" destination="NYM" dir="down">
        <condition type='point' val='minus' ref='42M'/>
        <condition type='point' val='plus' ref='41BM'/>
        <condition type='signal' ref='LYM'/>
        <condition type='signal' ref='PXM'/>
        <condition type='trackvacancy' ref='556'/>
        <condition type='mutualblocking' ref='r_01'/>
        <condition type='mutualblocking' ref='r_09'/>
        <condition type='mutualblocking' ref='r_11'/>
        <condition type='mutualblocking' ref='r_12'/>
        <condition type='mutualblocking' ref='r_16'/>
        <condition type='mutualblocking' ref='r_17'/>
        <condition type='mutualblocking' ref='r_20'/>
        <condition type='mutualblocking' ref='r_23'/>
        <condition type='mutualblocking' ref='r_24'/>
        <condition type='mutualblocking' ref='r_25'/>
        <condition type='mutualblocking' ref='r_27'/>
        <condition type='mutualblocking' ref='r_28'/>
        <condition type='mutualblocking' ref='r_29'/>
        <condition type='mutualblocking' ref='r_30'/>
        <condition type='mutualblocking' ref='r_31'/>
        <condition type='mutualblocking' ref='r_32'/>
        <condition type='mutualblocking' ref='r_33'/>
        <condition type='mutualblocking' ref='r_34'/>
      </route>
      <route id="r_22" source="NYM" destination="FM" dir="down">
        <condition type='point' val='minus' ref='42M'/>
        <condition type='point' val='plus' ref='41AM'/>
        <condition type='signal' ref='AIX542'/>
        <condition type='signal' ref='PXM'/>
        <condition type='trackvacancy' ref='42M'/>
        <condition type='trackvacancy' ref='41AM'/>
        <condition type='trackvacancy' ref='542'/>
        <condition type='mutualblocking' ref='r_01'/>
        <condition type='mutualblocking' ref='r_04'/>
        <condition type='mutualblocking' ref='r_09'/>
        <condition type='mutualblocking' ref='r_11'/>
        <condition type='mutualblocking' ref='r_12'/>
        <condition type='mutualblocking' ref='r_16'/>
        <condition type='mutualblocking' ref='r_17'/>
        <condition type='mutualblocking' ref='r_23'/>
        <condition type='mutualblocking' ref='r_24'/>
        <condition type='mutualblocking' ref='r_25'/>
        <condition type='mutualblocking' ref='r_27'/>
        <condition type='mutualblocking' ref='r_28'/>
        <condition type='mutualblocking' ref='r_29'/>
        <condition type='mutualblocking' ref='r_30'/>
        <condition type='mutualblocking' ref='r_31'/>
        <condition type='mutualblocking' ref='r_32'/>
        <condition type='mutualblocking' ref='r_33'/>
        <condition type='mutualblocking' ref='r_34'/>
      </route>
      <route id="r_23" source="NYM" destination="FXM" dir="down">
        <condition type='point' val='minus' ref='42M'/>
        <condition type='point' val='minus' ref='41BM'/>
        <condition type='point' val='minus' ref='41AM'/>
        <condition type='point' val='plus' ref='40M'/>
        <condition type='signal' ref='AI543'/>
        <condition type='signal' ref='PM'/>
        <condition type='trackvacancy' ref='42M'/>
        <condition type='trackvacancy' ref='41AM'/>
        <condition type='trackvacancy' ref='41BM'/>
        <condition type='trackvacancy' ref='40M'/>
        <condition type='trackvacancy' ref='543'/>
        <condition type='mutualblocking' ref='r_01'/>
        <condition type='mutualblocking' ref='r_02'/>
        <condition type='mutualblocking' ref='r_03'/>
        <condition type='mutualblocking' ref='r_04'/>
        <condition type='mutualblocking' ref='r_09'/>
        <condition type='mutualblocking' ref='r_10'/>
        <condition type='mutualblocking' ref='r_11'/>
        <condition type='mutualblocking' ref='r_12'/>
        <condition type='mutualblocking' ref='r_15'/>
        <condition type='mutualblocking' ref='r_16'/>
        <condition type='mutualblocking' ref='r_17'/>
        <condition type='mutualblocking' ref='r_21'/>
        <condition type='mutualblocking' ref='r_22'/>
        <condition type='mutualblocking' ref='r_24'/>
        <condition type='mutualblocking' ref='r_25'/>
        <condition type='mutualblocking' ref='r_26'/>
        <condition type='mutualblocking' ref='r_27'/>
        <condition type='mutualblocking' ref='r_28'/>
        <condition type='mutualblocking' ref='r_29'/>
        <condition type='mutualblocking' ref='r_30'/>
        <condition type='mutualblocking' ref='r_31'/>
        <condition type='mutualblocking' ref='r_32'/>
        <condition type='mutualblocking' ref='r_33'/>
        <condition type='mutualblocking' ref='r_34'/>
        <condition type='mutualblocking' ref='r_35'/>
        <condition type='mutualblocking' ref='r_36'/>
        <condition type='mutualblocking' ref='r_37'/>
      </route>
      <route id="r_24" source="NYM" destination="GM" dir="down">
        <condition type='point' val='minus' ref='42M'/>
        <condition type='point' val='minus' ref='41BM'/>
        <condition type='point' val='minus' ref='41AM'/>
        <condition type='point' val='minus' ref='40M'/>
        <condition type='point' val='plus' ref='38M'/>
        <condition type='signal' ref='AIY544'/>
        <condition type='signal' ref='GYM'/>
        <condition type='trackvacancy' ref='42M'/>
        <condition type='trackvacancy' ref='41AM'/>
        <condition type='trackvacancy' ref='41BM'/>
        <condition type='trackvacancy' ref='40M'/>
        <condition type='trackvacancy' ref='38M'/>
        <condition type='trackvacancy' ref='544'/>
        <condition type='mutualblocking' ref='r_01'/>
        <condition type='mutualblocking' ref='r_02'/>
        <condition type='mutualblocking' ref='r_03'/>
        <condition type='mutualblocking' ref='r_04'/>
        <condition type='mutualblocking' ref='r_05'/>
        <condition type='mutualblocking' ref='r_09'/>
        <condition type='mutualblocking' ref='r_10'/>
        <condition type='mutualblocking' ref='r_11'/>
        <condition type='mutualblocking' ref='r_12'/>
        <condition type='mutualblocking' ref='r_15'/>
        <condition type='mutualblocking' ref='r_16'/>
        <condition type='mutualblocking' ref='r_17'/>
        <condition type='mutualblocking' ref='r_21'/>
        <condition type='mutualblocking' ref='r_22'/>
        <condition type='mutualblocking' ref='r_23'/>
        <condition type='mutualblocking' ref='r_25'/>
        <condition type='mutualblocking' ref='r_26'/>
        <condition type='mutualblocking' ref='r_27'/>
        <condition type='mutualblocking' ref='r_28'/>
        <condition type='mutualblocking' ref='r_29'/>
        <condition type='mutualblocking' ref='r_30'/>
        <condition type='mutualblocking' ref='r_31'/>
        <condition type='mutualblocking' ref='r_32'/>
        <condition type='mutualblocking' ref='r_33'/>
        <condition type='mutualblocking' ref='r_34'/>
        <condition type='mutualblocking' ref='r_35'/>
        <condition type='mutualblocking' ref='r_36'/>
        <condition type='mutualblocking' ref='r_37'/>
      </route>
      <route id="r_25" source="NYM" destination="HM" dir="down">
        <condition type='point' val='minus' ref='42M'/>
        <condition type='point' val='minus' ref='41BM'/>
        <condition type='point' val='minus' ref='41AM'/>
        <condition type='point' val='minus' ref='40M'/>
        <condition type='point' val='minus' ref='38M'/>
        <condition type='point' val='plus' ref='36M'/>
        <condition type='signal' ref='JYM'/>
        <condition type='signal' ref='jy546m'/>
        <condition type='signal' ref='jy548m'/>
        <condition type='trackvacancy' ref='42M'/>
        <condition type='trackvacancy' ref='41AM'/>
        <condition type='trackvacancy' ref='41BM'/>
        <condition type='trackvacancy' ref='40M'/>
        <condition type='trackvacancy' ref='38M'/>
        <condition type='trackvacancy' ref='36M'/>
        <condition type='trackvacancy' ref='A931'/>
        <condition type='mutualblocking' ref='r_01'/>
        <condition type='mutualblocking' ref='r_02'/>
        <condition type='mutualblocking' ref='r_03'/>
        <condition type='mutualblocking' ref='r_04'/>
        <condition type='mutualblocking' ref='r_05'/>
        <condition type='mutualblocking' ref='r_06'/>
        <condition type='mutualblocking' ref='r_07'/>
        <condition type='mutualblocking' ref='r_08'/>
        <condition type='mutualblocking' ref='r_09'/>
        <condition type='mutualblocking' ref='r_10'/>
        <condition type='mutualblocking' ref='r_11'/>
        <condition type='mutualblocking' ref='r_12'/>
        <condition type='mutualblocking' ref='r_15'/>
        <condition type='mutualblocking' ref='r_16'/>
        <condition type='mutualblocking' ref='r_17'/>
        <condition type='mutualblocking' ref='r_18'/>
        <condition type='mutualblocking' ref='r_19'/>
        <condition type='mutualblocking' ref='r_21'/>
        <condition type='mutualblocking' ref='r_22'/>
        <condition type='mutualblocking' ref='r_23'/>
        <condition type='mutualblocking' ref='r_24'/>
        <condition type='mutualblocking' ref='r_26'/>
        <condition type='mutualblocking' ref='r_27'/>
        <condition type='mutualblocking' ref='r_28'/>
        <condition type='mutualblocking' ref='r_29'/>
        <condition type='mutualblocking' ref='r_30'/>
        <condition type='mutualblocking' ref='r_31'/>
        <condition type='mutualblocking' ref='r_32'/>
        <condition type='mutualblocking' ref='r_33'/>
        <condition type='mutualblocking' ref='r_34'/>
        <condition type='mutualblocking' ref='r_35'/>
        <condition type='mutualblocking' ref='r_36'/>
        <condition type='mutualblocking' ref='r_37'/>
        <condition type='mutualblocking' ref='r_38'/>
        <condition type='mutualblocking' ref='r_39'/>
      </route>
      <route id="r_26" source="PM" destination="AO041" dir="up">
        <condition type='point' val='plus' ref='41BM'/>
        <condition type='point' val='plus' ref='40M'/>
        <condition type='signal' ref='AIX041'/>
        <condition type='signal' ref='QXM'/>
        <condition type='trackvacancy' ref='40M'/>
        <condition type='trackvacancy' ref='41BM'/>
        <condition type='trackvacancy' ref='041'/>
        <condition type='mutualblocking' ref='r_03'/>
        <condition type='mutualblocking' ref='r_10'/>
        <condition type='mutualblocking' ref='r_11'/>
        <condition type='mutualblocking' ref='r_12'/>
        <condition type='mutualblocking' ref='r_15'/>
        <condition type='mutualblocking' ref='r_16'/>
        <condition type='mutualblocking' ref='r_17'/>
        <condition type='mutualblocking' ref='r_23'/>
        <condition type='mutualblocking' ref='r_24'/>
        <condition type='mutualblocking' ref='r_25'/>
        <condition type='mutualblocking' ref='r_27'/>
        <condition type='mutualblocking' ref='r_28'/>
        <condition type='mutualblocking' ref='r_32'/>
        <condition type='mutualblocking' ref='r_33'/>
        <condition type='mutualblocking' ref='r_34'/>
        <condition type='mutualblocking' ref='r_35'/>
        <condition type='mutualblocking' ref='r_36'/>
        <condition type='mutualblocking' ref='r_37'/>
      </route>
      <route id="r_27" source="PM" destination="AOX042" dir="up">
        <condition type='point' val='plus' ref='42M'/>
        <condition type='point' val='minus' ref='41BM'/>
        <condition type='point' val='minus' ref='41AM'/>
        <condition type='point' val='plus' ref='40M'/>
        <condition type='signal' ref='AI042'/>
        <condition type='signal' ref='QM'/>
        <condition type='trackvacancy' ref='40M'/>
        <condition type='trackvacancy' ref='41BM'/>
        <condition type='trackvacancy' ref='41AM'/>
        <condition type='trackvacancy' ref='42M'/>
        <condition type='trackvacancy' ref='042'/>
        <condition type='mutualblocking' ref='r_01'/>
        <condition type='mutualblocking' ref='r_02'/>
        <condition type='mutualblocking' ref='r_03'/>
        <condition type='mutualblocking' ref='r_04'/>
        <condition type='mutualblocking' ref='r_10'/>
        <condition type='mutualblocking' ref='r_11'/>
        <condition type='mutualblocking' ref='r_12'/>
        <condition type='mutualblocking' ref='r_15'/>
        <condition type='mutualblocking' ref='r_16'/>
        <condition type='mutualblocking' ref='r_17'/>
        <condition type='mutualblocking' ref='r_21'/>
        <condition type='mutualblocking' ref='r_22'/>
        <condition type='mutualblocking' ref='r_23'/>
        <condition type='mutualblocking' ref='r_24'/>
        <condition type='mutualblocking' ref='r_25'/>
        <condition type='mutualblocking' ref='r_26'/>
        <condition type='mutualblocking' ref='r_28'/>
        <condition type='mutualblocking' ref='r_29'/>
        <condition type='mutualblocking' ref='r_30'/>
        <condition type='mutualblocking' ref='r_31'/>
        <condition type='mutualblocking' ref='r_32'/>
        <condition type='mutualblocking' ref='r_33'/>
        <condition type='mutualblocking' ref='r_34'/>
        <condition type='mutualblocking' ref='r_35'/>
        <condition type='mutualblocking' ref='r_36'/>
        <condition type='mutualblocking' ref='r_37'/>
      </route>
      <route id="r_28" source="PM" destination="LYM" dir="up">
        <condition type='point' val='minus' ref='42M'/>
        <condition type='point' val='minus' ref='41BM'/>
        <condition type='point' val='minus' ref='41AM'/>
        <condition type='point' val='plus' ref='40M'/>
        <condition type='signal' ref='AIY557'/>
        <condition type='signal' ref='LZM'/>
        <condition type='signal' ref='NYM'/>
        <condition type='trackvacancy' ref='40M'/>
        <condition type='trackvacancy' ref='41BM'/>
        <condition type='trackvacancy' ref='41AM'/>
        <condition type='trackvacancy' ref='42M'/>
        <condition type='trackvacancy' ref='556'/>
        <condition type='mutualblocking' ref='r_01'/>
        <condition type='mutualblocking' ref='r_02'/>
        <condition type='mutualblocking' ref='r_03'/>
        <condition type='mutualblocking' ref='r_04'/>
        <condition type='mutualblocking' ref='r_09'/>
        <condition type='mutualblocking' ref='r_10'/>
        <condition type='mutualblocking' ref='r_11'/>
        <condition type='mutualblocking' ref='r_12'/>
        <condition type='mutualblocking' ref='r_15'/>
        <condition type='mutualblocking' ref='r_16'/>
        <condition type='mutualblocking' ref='r_17'/>
        <condition type='mutualblocking' ref='r_21'/>
        <condition type='mutualblocking' ref='r_22'/>
        <condition type='mutualblocking' ref='r_23'/>
        <condition type='mutualblocking' ref='r_24'/>
        <condition type='mutualblocking' ref='r_25'/>
        <condition type='mutualblocking' ref='r_26'/>
        <condition type='mutualblocking' ref='r_27'/>
        <condition type='mutualblocking' ref='r_29'/>
        <condition type='mutualblocking' ref='r_30'/>
        <condition type='mutualblocking' ref='r_31'/>
        <condition type='mutualblocking' ref='r_32'/>
        <condition type='mutualblocking' ref='r_33'/>
        <condition type='mutualblocking' ref='r_34'/>
        <condition type='mutualblocking' ref='r_35'/>
        <condition type='mutualblocking' ref='r_36'/>
        <condition type='mutualblocking' ref='r_37'/>
      </route>
      <route id="r_29" source="PXM" destination="AOX042" dir="up">
        <condition type='point' val='plus' ref='42M'/>
        <condition type='point' val='plus' ref='41AM'/>
        <condition type='signal' ref='AI042'/>
        <condition type='signal' ref='QM'/>
        <condition type='trackvacancy' ref='41AM'/>
        <condition type='trackvacancy' ref='42M'/>
        <condition type='trackvacancy' ref='042'/>
        <condition type='mutualblocking' ref='r_01'/>
        <condition type='mutualblocking' ref='r_11'/>
        <condition type='mutualblocking' ref='r_12'/>
        <condition type='mutualblocking' ref='r_16'/>
        <condition type='mutualblocking' ref='r_17'/>
        <condition type='mutualblocking' ref='r_21'/>
        <condition type='mutualblocking' ref='r_22'/>
        <condition type='mutualblocking' ref='r_23'/>
        <condition type='mutualblocking' ref='r_24'/>
        <condition type='mutualblocking' ref='r_25'/>
        <condition type='mutualblocking' ref='r_27'/>
        <condition type='mutualblocking' ref='r_28'/>
        <condition type='mutualblocking' ref='r_30'/>
        <condition type='mutualblocking' ref='r_31'/>
        <condition type='mutualblocking' ref='r_32'/>
        <condition type='mutualblocking' ref='r_33'/>
        <condition type='mutualblocking' ref='r_34'/>
      </route>
      <route id="r_30" source="PXM" destination="LYM" dir="up">
        <condition type='point' val='minus' ref='42M'/>
        <condition type='point' val='plus' ref='41AM'/>
        <condition type='signal' ref='AIY557'/>
        <condition type='signal' ref='LZM'/>
        <condition type='signal' ref='NYM'/>
        <condition type='trackvacancy' ref='41AM'/>
        <condition type='trackvacancy' ref='42M'/>
        <condition type='trackvacancy' ref='556'/>
        <condition type='mutualblocking' ref='r_01'/>
        <condition type='mutualblocking' ref='r_09'/>
        <condition type='mutualblocking' ref='r_11'/>
        <condition type='mutualblocking' ref='r_12'/>
        <condition type='mutualblocking' ref='r_16'/>
        <condition type='mutualblocking' ref='r_17'/>
        <condition type='mutualblocking' ref='r_21'/>
        <condition type='mutualblocking' ref='r_22'/>
        <condition type='mutualblocking' ref='r_23'/>
        <condition type='mutualblocking' ref='r_24'/>
        <condition type='mutualblocking' ref='r_25'/>
        <condition type='mutualblocking' ref='r_27'/>
        <condition type='mutualblocking' ref='r_28'/>
        <condition type='mutualblocking' ref='r_29'/>
        <condition type='mutualblocking' ref='r_31'/>
        <condition type='mutualblocking' ref='r_32'/>
        <condition type='mutualblocking' ref='r_33'/>
        <condition type='mutualblocking' ref='r_34'/>
      </route>
      <route id="r_31" source="QM" destination="FM" dir="down">
        <condition type='point' val='plus' ref='42M'/>
        <condition type='point' val='plus' ref='41AM'/>
        <condition type='signal' ref='AIX542'/>
        <condition type='signal' ref='PXM'/>
        <condition type='trackvacancy' ref='42M'/>
        <condition type='trackvacancy' ref='41AM'/>
        <condition type='trackvacancy' ref='542'/>
        <condition type='mutualblocking' ref='r_04'/>
        <condition type='mutualblocking' ref='r_11'/>
        <condition type='mutualblocking' ref='r_12'/>
        <condition type='mutualblocking' ref='r_16'/>
        <condition type='mutualblocking' ref='r_17'/>
        <condition type='mutualblocking' ref='r_21'/>
        <condition type='mutualblocking' ref='r_22'/>
        <condition type='mutualblocking' ref='r_23'/>
        <condition type='mutualblocking' ref='r_24'/>
        <condition type='mutualblocking' ref='r_25'/>
        <condition type='mutualblocking' ref='r_27'/>
        <condition type='mutualblocking' ref='r_28'/>
        <condition type='mutualblocking' ref='r_29'/>
        <condition type='mutualblocking' ref='r_30'/>
        <condition type='mutualblocking' ref='r_32'/>
        <condition type='mutualblocking' ref='r_33'/>
        <condition type='mutualblocking' ref='r_34'/>
      </route>
      <route id="r_32" source="QM" destination="FXM" dir="down">
        <condition type='point' val='plus' ref='42M'/>
        <condition type='point' val='minus' ref='41BM'/>
        <condition type='point' val='minus' ref='41AM'/>
        <condition type='point' val='plus' ref='40M'/>
        <condition type='signal' ref='AI543'/>
        <condition type='signal' ref='PM'/>
        <condition type='trackvacancy' ref='42M'/>
        <condition type='trackvacancy' ref='41AM'/>
        <condition type='trackvacancy' ref='41BM'/>
        <condition type='trackvacancy' ref='40M'/>
        <condition type='trackvacancy' ref='543'/>
        <condition type='mutualblocking' ref='r_01'/>
        <condition type='mutualblocking' ref='r_02'/>
        <condition type='mutualblocking' ref='r_03'/>
        <condition type='mutualblocking' ref='r_04'/>
        <condition type='mutualblocking' ref='r_10'/>
        <condition type='mutualblocking' ref='r_11'/>
        <condition type='mutualblocking' ref='r_12'/>
        <condition type='mutualblocking' ref='r_15'/>
        <condition type='mutualblocking' ref='r_16'/>
        <condition type='mutualblocking' ref='r_17'/>
        <condition type='mutualblocking' ref='r_21'/>
        <condition type='mutualblocking' ref='r_22'/>
        <condition type='mutualblocking' ref='r_23'/>
        <condition type='mutualblocking' ref='r_24'/>
        <condition type='mutualblocking' ref='r_25'/>
        <condition type='mutualblocking' ref='r_26'/>
        <condition type='mutualblocking' ref='r_27'/>
        <condition type='mutualblocking' ref='r_28'/>
        <condition type='mutualblocking' ref='r_29'/>
        <condition type='mutualblocking' ref='r_30'/>
        <condition type='mutualblocking' ref='r_31'/>
        <condition type='mutualblocking' ref='r_33'/>
        <condition type='mutualblocking' ref='r_34'/>
        <condition type='mutualblocking' ref='r_35'/>
        <condition type='mutualblocking' ref='r_36'/>
        <condition type='mutualblocking' ref='r_37'/>
      </route>
      <route id="r_33" source="QM" destination="GM" dir="down">
        <condition type='point' val='plus' ref='42M'/>
        <condition type='point' val='minus' ref='41BM'/>
        <condition type='point' val='minus' ref='41AM'/>
        <condition type='point' val='minus' ref='40M'/>
        <condition type='point' val='plus' ref='38M'/>
        <condition type='signal' ref='AIY544'/>
        <condition type='signal' ref='GYM'/>
        <condition type='trackvacancy' ref='42M'/>
        <condition type='trackvacancy' ref='41AM'/>
        <condition type='trackvacancy' ref='41BM'/>
        <condition type='trackvacancy' ref='40M'/>
        <condition type='trackvacancy' ref='38M'/>
        <condition type='trackvacancy' ref='544'/>
        <condition type='mutualblocking' ref='r_01'/>
        <condition type='mutualblocking' ref='r_02'/>
        <condition type='mutualblocking' ref='r_03'/>
        <condition type='mutualblocking' ref='r_04'/>
        <condition type='mutualblocking' ref='r_05'/>
        <condition type='mutualblocking' ref='r_10'/>
        <condition type='mutualblocking' ref='r_11'/>
        <condition type='mutualblocking' ref='r_12'/>
        <condition type='mutualblocking' ref='r_15'/>
        <condition type='mutualblocking' ref='r_16'/>
        <condition type='mutualblocking' ref='r_17'/>
        <condition type='mutualblocking' ref='r_21'/>
        <condition type='mutualblocking' ref='r_22'/>
        <condition type='mutualblocking' ref='r_23'/>
        <condition type='mutualblocking' ref='r_24'/>
        <condition type='mutualblocking' ref='r_25'/>
        <condition type='mutualblocking' ref='r_26'/>
        <condition type='mutualblocking' ref='r_27'/>
        <condition type='mutualblocking' ref='r_28'/>
        <condition type='mutualblocking' ref='r_29'/>
        <condition type='mutualblocking' ref='r_30'/>
        <condition type='mutualblocking' ref='r_31'/>
        <condition type='mutualblocking' ref='r_32'/>
        <condition type='mutualblocking' ref='r_34'/>
        <condition type='mutualblocking' ref='r_35'/>
        <condition type='mutualblocking' ref='r_36'/>
        <condition type='mutualblocking' ref='r_37'/>
      </route>
      <route id="r_34" source="QM" destination="HM" dir="down">
        <condition type='point' val='plus' ref='42M'/>
        <condition type='point' val='minus' ref='41BM'/>
        <condition type='point' val='minus' ref='41AM'/>
        <condition type='point' val='minus' ref='40M'/>
        <condition type='point' val='minus' ref='38M'/>
        <condition type='point' val='plus' ref='36M'/>
        <condition type='signal' ref='JYM'/>
        <condition type='signal' ref='jy546m'/>
        <condition type='signal' ref='jy548m'/>
        <condition type='trackvacancy' ref='42M'/>
        <condition type='trackvacancy' ref='41AM'/>
        <condition type='trackvacancy' ref='41BM'/>
        <condition type='trackvacancy' ref='40M'/>
        <condition type='trackvacancy' ref='38M'/>
        <condition type='trackvacancy' ref='36M'/>
        <condition type='trackvacancy' ref='A931'/>
        <condition type='mutualblocking' ref='r_01'/>
        <condition type='mutualblocking' ref='r_02'/>
        <condition type='mutualblocking' ref='r_03'/>
        <condition type='mutualblocking' ref='r_04'/>
        <condition type='mutualblocking' ref='r_05'/>
        <condition type='mutualblocking' ref='r_06'/>
        <condition type='mutualblocking' ref='r_07'/>
        <condition type='mutualblocking' ref='r_08'/>
        <condition type='mutualblocking' ref='r_10'/>
        <condition type='mutualblocking' ref='r_11'/>
        <condition type='mutualblocking' ref='r_12'/>
        <condition type='mutualblocking' ref='r_15'/>
        <condition type='mutualblocking' ref='r_16'/>
        <condition type='mutualblocking' ref='r_17'/>
        <condition type='mutualblocking' ref='r_18'/>
        <condition type='mutualblocking' ref='r_19'/>
        <condition type='mutualblocking' ref='r_21'/>
        <condition type='mutualblocking' ref='r_22'/>
        <condition type='mutualblocking' ref='r_23'/>
        <condition type='mutualblocking' ref='r_24'/>
        <condition type='mutualblocking' ref='r_25'/>
        <condition type='mutualblocking' ref='r_26'/>
        <condition type='mutualblocking' ref='r_27'/>
        <condition type='mutualblocking' ref='r_28'/>
        <condition type='mutualblocking' ref='r_29'/>
        <condition type='mutualblocking' ref='r_30'/>
        <condition type='mutualblocking' ref='r_31'/>
        <condition type='mutualblocking' ref='r_32'/>
        <condition type='mutualblocking' ref='r_33'/>
        <condition type='mutualblocking' ref='r_35'/>
        <condition type='mutualblocking' ref='r_36'/>
        <condition type='mutualblocking' ref='r_37'/>
        <condition type='mutualblocking' ref='r_38'/>
        <condition type='mutualblocking' ref='r_39'/>
      </route>
      <route id="r_35" source="QXM" destination="FXM" dir="down">
        <condition type='point' val='plus' ref='41BM'/>
        <condition type='point' val='plus' ref='40M'/>
        <condition type='signal' ref='AI543'/>
        <condition type='signal' ref='PM'/>
        <condition type='trackvacancy' ref='41BM'/>
        <condition type='trackvacancy' ref='40M'/>
        <condition type='trackvacancy' ref='543'/>
        <condition type='mutualblocking' ref='r_02'/>
        <condition type='mutualblocking' ref='r_10'/>
        <condition type='mutualblocking' ref='r_11'/>
        <condition type='mutualblocking' ref='r_12'/>
        <condition type='mutualblocking' ref='r_15'/>
        <condition type='mutualblocking' ref='r_16'/>
        <condition type='mutualblocking' ref='r_17'/>
        <condition type='mutualblocking' ref='r_23'/>
        <condition type='mutualblocking' ref='r_24'/>
        <condition type='mutualblocking' ref='r_25'/>
        <condition type='mutualblocking' ref='r_26'/>
        <condition type='mutualblocking' ref='r_27'/>
        <condition type='mutualblocking' ref='r_28'/>
        <condition type='mutualblocking' ref='r_32'/>
        <condition type='mutualblocking' ref='r_33'/>
        <condition type='mutualblocking' ref='r_34'/>
        <condition type='mutualblocking' ref='r_36'/>
        <condition type='mutualblocking' ref='r_37'/>
      </route>
      <route id="r_36" source="QXM" destination="GM" dir="down">
        <condition type='point' val='plus' ref='41BM'/>
        <condition type='point' val='minus' ref='40M'/>
        <condition type='point' val='plus' ref='38M'/>
        <condition type='signal' ref='AIY544'/>
        <condition type='signal' ref='GYM'/>
        <condition type='trackvacancy' ref='41BM'/>
        <condition type='trackvacancy' ref='40M'/>
        <condition type='trackvacancy' ref='38M'/>
        <condition type='trackvacancy' ref='544'/>
        <condition type='mutualblocking' ref='r_02'/>
        <condition type='mutualblocking' ref='r_05'/>
        <condition type='mutualblocking' ref='r_10'/>
        <condition type='mutualblocking' ref='r_11'/>
        <condition type='mutualblocking' ref='r_12'/>
        <condition type='mutualblocking' ref='r_15'/>
        <condition type='mutualblocking' ref='r_16'/>
        <condition type='mutualblocking' ref='r_17'/>
        <condition type='mutualblocking' ref='r_23'/>
        <condition type='mutualblocking' ref='r_24'/>
        <condition type='mutualblocking' ref='r_25'/>
        <condition type='mutualblocking' ref='r_26'/>
        <condition type='mutualblocking' ref='r_27'/>
        <condition type='mutualblocking' ref='r_28'/>
        <condition type='mutualblocking' ref='r_32'/>
        <condition type='mutualblocking' ref='r_33'/>
        <condition type='mutualblocking' ref='r_34'/>
        <condition type='mutualblocking' ref='r_35'/>
        <condition type='mutualblocking' ref='r_37'/>
      </route>
      <route id="r_37" source="QXM" destination="HM" dir="down">
        <condition type='point' val='plus' ref='41BM'/>
        <condition type='point' val='minus' ref='40M'/>
        <condition type='point' val='minus' ref='38M'/>
        <condition type='point' val='plus' ref='36M'/>
        <condition type='signal' ref='JYM'/>
        <condition type='signal' ref='jy546m'/>
        <condition type='signal' ref='jy548m'/>
        <condition type='trackvacancy' ref='41BM'/>
        <condition type='trackvacancy' ref='40M'/>
        <condition type='trackvacancy' ref='38M'/>
        <condition type='trackvacancy' ref='36M'/>
        <condition type='trackvacancy' ref='A931'/>
        <condition type='mutualblocking' ref='r_02'/>
        <condition type='mutualblocking' ref='r_03'/>
        <condition type='mutualblocking' ref='r_05'/>
        <condition type='mutualblocking' ref='r_06'/>
        <condition type='mutualblocking' ref='r_07'/>
        <condition type='mutualblocking' ref='r_08'/>
        <condition type='mutualblocking' ref='r_10'/>
        <condition type='mutualblocking' ref='r_11'/>
        <condition type='mutualblocking' ref='r_12'/>
        <condition type='mutualblocking' ref='r_15'/>
        <condition type='mutualblocking' ref='r_16'/>
        <condition type='mutualblocking' ref='r_17'/>
        <condition type='mutualblocking' ref='r_18'/>
        <condition type='mutualblocking' ref='r_19'/>
        <condition type='mutualblocking' ref='r_23'/>
        <condition type='mutualblocking' ref='r_24'/>
        <condition type='mutualblocking' ref='r_25'/>
        <condition type='mutualblocking' ref='r_26'/>
        <condition type='mutualblocking' ref='r_27'/>
        <condition type='mutualblocking' ref='r_28'/>
        <condition type='mutualblocking' ref='r_32'/>
        <condition type='mutualblocking' ref='r_33'/>
        <condition type='mutualblocking' ref='r_34'/>
        <condition type='mutualblocking' ref='r_35'/>
        <condition type='mutualblocking' ref='r_36'/>
        <condition type='mutualblocking' ref='r_38'/>
        <condition type='mutualblocking' ref='r_39'/>
      </route>
      <route id="r_38" source="jy546m" destination="JYM" dir="up">
        <condition type='point' val='plus' ref='38M'/>
        <condition type='point' val='plus' ref='37M'/>
        <condition type='signal' ref='HM'/>
        <condition type='signal' ref='KYM'/>
        <condition type='trackvacancy' ref='37M'/>
        <condition type='trackvacancy' ref='A931'/>
        <condition type='mutualblocking' ref='r_07'/>
        <condition type='mutualblocking' ref='r_08'/>
        <condition type='mutualblocking' ref='r_13'/>
        <condition type='mutualblocking' ref='r_14'/>
        <condition type='mutualblocking' ref='r_15'/>
        <condition type='mutualblocking' ref='r_16'/>
        <condition type='mutualblocking' ref='r_17'/>
        <condition type='mutualblocking' ref='r_19'/>
        <condition type='mutualblocking' ref='r_25'/>
        <condition type='mutualblocking' ref='r_34'/>
        <condition type='mutualblocking' ref='r_37'/>
        <condition type='mutualblocking' ref='r_39'/>
      </route>
      <route id="r_39" source="jy548m" destination="JYM" dir="up">
        <condition type='point' val='plus' ref='38M'/>
        <condition type='point' val='minus' ref='37M'/>
        <condition type='signal' ref='HM'/>
        <condition type='signal' ref='KYM'/>
        <condition type='trackvacancy' ref='37M'/>
        <condition type='trackvacancy' ref='A931'/>
        <condition type='mutualblocking' ref='r_06'/>
        <condition type='mutualblocking' ref='r_08'/>
        <condition type='mutualblocking' ref='r_13'/>
        <condition type='mutualblocking' ref='r_14'/>
        <condition type='mutualblocking' ref='r_15'/>
        <condition type='mutualblocking' ref='r_16'/>
        <condition type='mutualblocking' ref='r_17'/>
        <condition type='mutualblocking' ref='r_19'/>
        <condition type='mutualblocking' ref='r_25'/>
        <condition type='mutualblocking' ref='r_34'/>
        <condition type='mutualblocking' ref='r_37'/>
        <condition type='mutualblocking' ref='r_38'/>
      </route>
    </routetable>
  </interlocking>
</xmi:XMI>
