<?xml version="1.0" encoding="UTF-8" standalone="no"?>
<xmi:XMI xmlns:xmi="http://www.omg.org/spec/XMI/2.4.1" xmi:version="2.4.1">
  <xmi:Documentation exporter="DK-IXL" exporterVersion="0.1" />
  <interlocking id="ixl_pieton_right" version="0.1">
    <network id="net_pieton_right">
      <trackSection id="542" length="100" type="linear">
        <neighbor ref="10BM" side="down" />
        <neighbor ref="AL542" side="up" />
      </trackSection>
      <trackSection id="543" length="100" type="linear">
        <neighbor ref="11M" side="down" />
        <neighbor ref="AL543" side="up" />
      </trackSection>
      <trackSection id="10BM" length="100" type="point">
        <neighbor ref="542" side="plus" />
        <neighbor ref="10AM" side="minus" />
        <neighbor ref="096" side="stem" />
      </trackSection>
      <trackSection id="11M" length="100" type="point">
        <neighbor ref="543" side="plus" />
        <neighbor ref="13M" side="minus" />
        <neighbor ref="10AM" side="stem" />
      </trackSection>
      <trackSection id="10AM" length="100" type="point">
        <neighbor ref="095" side="plus" />
        <neighbor ref="10BM" side="minus" />
        <neighbor ref="11M" side="stem" />
      </trackSection>
      <trackSection id="096" length="100" type="linear">
        <neighbor ref="A976" side="down" />
        <neighbor ref="10BM" side="up" />
      </trackSection>
      <trackSection id="095" length="100" type="linear">
        <neighbor ref="A975" side="down" />
        <neighbor ref="10AM" side="up" />
      </trackSection>
      <trackSection id="A976" length="100" type="linear">
        <neighbor ref="096" side="up" />
      </trackSection>
      <trackSection id="A975" length="100" type="linear">
        <neighbor ref="095" side="up" />
      </trackSection>
      <trackSection id="AL542" length="100" type="linear">
        <neighbor ref="542" side="down" />
      </trackSection>
      <trackSection id="AL543" length="100" type="linear">
        <neighbor ref="543" side="down" />
      </trackSection>
      <markerboard distance="20.0" id="PXM" mounted="up" track="542" />
      <markerboard distance="20.0" id="PM" mounted="up" track="543" />
      <markerboard distance="20.0" id="FM" mounted="down" track="542" />
      <markerboard distance="20.0" id="FXM" mounted="down" track="543" />
      <markerboard distance="20.0" id="DXM" mounted="up" track="096" />
      <markerboard distance="20.0" id="DM" mounted="up" track="095" />
      <markerboard distance="20.0" id="AO096" mounted="down" track="096" />
      <markerboard distance="20.0" id="AOX095" mounted="down" track="095" />
      <markerboard distance="20.0" id="AIX096" mounted="up" track="A976" />
      <markerboard distance="20.0" id="AI095" mounted="up" track="A975" />
      <markerboard distance="20.0" id="AI542" mounted="down" track="AL542" />
      <markerboard distance="20.0" id="AIX543" mounted="down" track="AL543" />
      <trackSection id="544" length="100" type="linear">
        <neighbor ref="13M" side="down" />
        <neighbor ref="AL544" side="up" />
      </trackSection>
      <trackSection id="13M" length="100" type="point">
        <neighbor ref="544" side="plus" />
        <neighbor ref="A911" side="minus" />
        <neighbor ref="11M" side="stem" />
      </trackSection>
      <trackSection id="AL544" length="100" type="linear">
        <neighbor ref="544" side="down" />
      </trackSection>
      <markerboard distance="20.0" id="GYM" mounted="up" track="544" />
      <markerboard distance="20.0" id="GM" mounted="down" track="544" />
      <markerboard distance="20.0" id="AI544" mounted="down" track="AL544" />
      <trackSection id="14M" length="100" type="point">
        <neighbor ref="545" side="plus" />
        <neighbor ref="547" side="minus" />
        <neighbor ref="A911" side="stem" />
      </trackSection>
      <trackSection id="A911" length="100" type="linear">
        <neighbor ref="13M" side="down" />
        <neighbor ref="14M" side="up" />
      </trackSection>
      <markerboard distance="20.0" id="JM" mounted="down" track="A911" />
      <markerboard distance="20.0" id="HYM" mounted="up" track="A911" />
      <trackSection id="545" length="100" type="linear">
        <neighbor ref="14M" side="down" />
        <neighbor ref="A965" side="up" />
      </trackSection>
      <trackSection id="547" length="100" type="linear">
        <neighbor ref="14M" side="down" />
        <neighbor ref="A967" side="up" />
      </trackSection>
      <markerboard distance="20.0" id="jy545m" mounted="up" track="545" />
      <markerboard distance="20.0" id="j545m" mounted="down" track="545" />
      <markerboard distance="20.0" id="jy547m" mounted="up" track="547" />
      <markerboard distance="20.0" id="j547m" mounted="down" track="547" />
      <trackSection id="A965" length="100" type="linear">
        <neighbor ref="545" side="down" />
      </trackSection>
      <trackSection id="A967" length="100" type="linear">
        <neighbor ref="547" side="down" />
      </trackSection>
      <markerboard distance="20.0" id="AI545" mounted="down" track="A965" />
      <markerboard distance="20.0" id="AI547" mounted="down" track="A967" />
    </network>
    <routetable id="rt_pieton_right" network="net_pieton_right">
      <route id="r_01" source="AI095" destination="DM" dir="up">
        <condition type='point' val='plus' ref='10AM'/>
        <condition type='signal' ref='AOX095'/>
        <condition type='signal' ref='FXM'/>
        <condition type='signal' ref='GM'/>
        <condition type='signal' ref='JM'/>
        <condition type='trackvacancy' ref='095'/>
        <condition type='mutualblocking' ref='r_12'/>
        <condition type='mutualblocking' ref='r_13'/>
        <condition type='mutualblocking' ref='r_14'/>
        <condition type='mutualblocking' ref='r_16'/>
        <condition type='mutualblocking' ref='r_17'/>
        <condition type='mutualblocking' ref='r_18'/>
        <condition type='mutualblocking' ref='r_19'/>
        <condition type='mutualblocking' ref='r_22'/>
        <condition type='mutualblocking' ref='r_23'/>
      </route>
      <route id="r_02" source="AI542" destination="FM" dir="down">
        <condition type='point' val='plus' ref='10BM'/>
        <condition type='signal' ref='DXM'/>
        <condition type='signal' ref='PXM'/>
        <condition type='trackvacancy' ref='542'/>
        <condition type='mutualblocking' ref='r_06'/>
        <condition type='mutualblocking' ref='r_11'/>
        <condition type='mutualblocking' ref='r_12'/>
        <condition type='mutualblocking' ref='r_13'/>
        <condition type='mutualblocking' ref='r_14'/>
        <condition type='mutualblocking' ref='r_17'/>
        <condition type='mutualblocking' ref='r_19'/>
        <condition type='mutualblocking' ref='r_23'/>
      </route>
      <route id="r_03" source="AI544" destination="GM" dir="down">
        <condition type='point' val='plus' ref='11M'/>
        <condition type='point' val='plus' ref='13M'/>
        <condition type='signal' ref='GYM'/>
        <condition type='trackvacancy' ref='544'/>
        <condition type='mutualblocking' ref='r_09'/>
        <condition type='mutualblocking' ref='r_10'/>
        <condition type='mutualblocking' ref='r_13'/>
        <condition type='mutualblocking' ref='r_14'/>
        <condition type='mutualblocking' ref='r_18'/>
        <condition type='mutualblocking' ref='r_19'/>
        <condition type='mutualblocking' ref='r_22'/>
        <condition type='mutualblocking' ref='r_23'/>
        <condition type='mutualblocking' ref='r_24'/>
        <condition type='mutualblocking' ref='r_25'/>
      </route>
      <route id="r_04" source="AI545" destination="j545m" dir="down">
        <condition type='point' val='plus' ref='14M'/>
        <condition type='signal' ref='HYM'/>
        <condition type='signal' ref='jy545m'/>
        <condition type='trackvacancy' ref='545'/>
        <condition type='mutualblocking' ref='r_05'/>
        <condition type='mutualblocking' ref='r_10'/>
        <condition type='mutualblocking' ref='r_14'/>
        <condition type='mutualblocking' ref='r_20'/>
        <condition type='mutualblocking' ref='r_21'/>
        <condition type='mutualblocking' ref='r_25'/>
      </route>
      <route id="r_05" source="AI547" destination="j547m" dir="down">
        <condition type='point' val='minus' ref='14M'/>
        <condition type='signal' ref='HYM'/>
        <condition type='signal' ref='jy547m'/>
        <condition type='trackvacancy' ref='547'/>
        <condition type='mutualblocking' ref='r_04'/>
        <condition type='mutualblocking' ref='r_10'/>
        <condition type='mutualblocking' ref='r_14'/>
        <condition type='mutualblocking' ref='r_20'/>
        <condition type='mutualblocking' ref='r_21'/>
        <condition type='mutualblocking' ref='r_24'/>
      </route>
      <route id="r_06" source="AIX096" destination="DXM" dir="up">
        <condition type='point' val='plus' ref='10AM'/>
        <condition type='signal' ref='AO096'/>
        <condition type='signal' ref='FM'/>
        <condition type='trackvacancy' ref='096'/>
        <condition type='mutualblocking' ref='r_02'/>
        <condition type='mutualblocking' ref='r_12'/>
        <condition type='mutualblocking' ref='r_13'/>
        <condition type='mutualblocking' ref='r_14'/>
        <condition type='mutualblocking' ref='r_15'/>
        <condition type='mutualblocking' ref='r_17'/>
        <condition type='mutualblocking' ref='r_19'/>
        <condition type='mutualblocking' ref='r_23'/>
      </route>
      <route id="r_07" source="AIX543" destination="FXM" dir="down">
        <condition type='point' val='plus' ref='10BM'/>
        <condition type='point' val='plus' ref='11M'/>
        <condition type='signal' ref='DM'/>
        <condition type='signal' ref='PM'/>
        <condition type='trackvacancy' ref='543'/>
        <condition type='mutualblocking' ref='r_08'/>
        <condition type='mutualblocking' ref='r_09'/>
        <condition type='mutualblocking' ref='r_10'/>
        <condition type='mutualblocking' ref='r_12'/>
        <condition type='mutualblocking' ref='r_13'/>
        <condition type='mutualblocking' ref='r_14'/>
        <condition type='mutualblocking' ref='r_17'/>
        <condition type='mutualblocking' ref='r_18'/>
        <condition type='mutualblocking' ref='r_19'/>
        <condition type='mutualblocking' ref='r_22'/>
        <condition type='mutualblocking' ref='r_23'/>
      </route>
      <route id="r_08" source="DM" destination="PM" dir="up">
        <condition type='point' val='plus' ref='11M'/>
        <condition type='point' val='plus' ref='10AM'/>
        <condition type='signal' ref='AIX543'/>
        <condition type='signal' ref='FXM'/>
        <condition type='trackvacancy' ref='10AM'/>
        <condition type='trackvacancy' ref='11M'/>
        <condition type='trackvacancy' ref='543'/>
        <condition type='mutualblocking' ref='r_07'/>
        <condition type='mutualblocking' ref='r_09'/>
        <condition type='mutualblocking' ref='r_10'/>
        <condition type='mutualblocking' ref='r_12'/>
        <condition type='mutualblocking' ref='r_13'/>
        <condition type='mutualblocking' ref='r_14'/>
        <condition type='mutualblocking' ref='r_16'/>
        <condition type='mutualblocking' ref='r_17'/>
        <condition type='mutualblocking' ref='r_18'/>
        <condition type='mutualblocking' ref='r_19'/>
        <condition type='mutualblocking' ref='r_22'/>
        <condition type='mutualblocking' ref='r_23'/>
      </route>
      <route id="r_09" source="DM" destination="GYM" dir="up">
        <condition type='point' val='minus' ref='11M'/>
        <condition type='point' val='plus' ref='10AM'/>
        <condition type='point' val='plus' ref='13M'/>
        <condition type='signal' ref='AI544'/>
        <condition type='signal' ref='GM'/>
        <condition type='trackvacancy' ref='10AM'/>
        <condition type='trackvacancy' ref='11M'/>
        <condition type='trackvacancy' ref='13M'/>
        <condition type='trackvacancy' ref='544'/>
        <condition type='mutualblocking' ref='r_03'/>
        <condition type='mutualblocking' ref='r_07'/>
        <condition type='mutualblocking' ref='r_08'/>
        <condition type='mutualblocking' ref='r_10'/>
        <condition type='mutualblocking' ref='r_12'/>
        <condition type='mutualblocking' ref='r_13'/>
        <condition type='mutualblocking' ref='r_14'/>
        <condition type='mutualblocking' ref='r_16'/>
        <condition type='mutualblocking' ref='r_17'/>
        <condition type='mutualblocking' ref='r_18'/>
        <condition type='mutualblocking' ref='r_19'/>
        <condition type='mutualblocking' ref='r_22'/>
        <condition type='mutualblocking' ref='r_23'/>
        <condition type='mutualblocking' ref='r_24'/>
        <condition type='mutualblocking' ref='r_25'/>
      </route>
      <route id="r_10" source="DM" destination="HYM" dir="up">
        <condition type='point' val='minus' ref='11M'/>
        <condition type='point' val='plus' ref='10AM'/>
        <condition type='point' val='minus' ref='13M'/>
        <condition type='signal' ref='JM'/>
        <condition type='signal' ref='j545m'/>
        <condition type='signal' ref='j547m'/>
        <condition type='trackvacancy' ref='10AM'/>
        <condition type='trackvacancy' ref='11M'/>
        <condition type='trackvacancy' ref='13M'/>
        <condition type='trackvacancy' ref='A911'/>
        <condition type='mutualblocking' ref='r_03'/>
        <condition type='mutualblocking' ref='r_04'/>
        <condition type='mutualblocking' ref='r_05'/>
        <condition type='mutualblocking' ref='r_07'/>
        <condition type='mutualblocking' ref='r_08'/>
        <condition type='mutualblocking' ref='r_09'/>
        <condition type='mutualblocking' ref='r_12'/>
        <condition type='mutualblocking' ref='r_13'/>
        <condition type='mutualblocking' ref='r_14'/>
        <condition type='mutualblocking' ref='r_16'/>
        <condition type='mutualblocking' ref='r_17'/>
        <condition type='mutualblocking' ref='r_18'/>
        <condition type='mutualblocking' ref='r_19'/>
        <condition type='mutualblocking' ref='r_22'/>
        <condition type='mutualblocking' ref='r_23'/>
        <condition type='mutualblocking' ref='r_24'/>
        <condition type='mutualblocking' ref='r_25'/>
      </route>
      <route id="r_11" source="DXM" destination="PXM" dir="up">
        <condition type='point' val='plus' ref='10BM'/>
        <condition type='signal' ref='AI542'/>
        <condition type='signal' ref='FM'/>
        <condition type='trackvacancy' ref='10BM'/>
        <condition type='trackvacancy' ref='542'/>
        <condition type='mutualblocking' ref='r_02'/>
        <condition type='mutualblocking' ref='r_12'/>
        <condition type='mutualblocking' ref='r_13'/>
        <condition type='mutualblocking' ref='r_14'/>
        <condition type='mutualblocking' ref='r_15'/>
        <condition type='mutualblocking' ref='r_17'/>
        <condition type='mutualblocking' ref='r_19'/>
        <condition type='mutualblocking' ref='r_23'/>
      </route>
      <route id="r_12" source="DXM" destination="PM" dir="up">
        <condition type='point' val='minus' ref='10BM'/>
        <condition type='point' val='plus' ref='11M'/>
        <condition type='point' val='minus' ref='10AM'/>
        <condition type='signal' ref='AIX543'/>
        <condition type='signal' ref='FXM'/>
        <condition type='trackvacancy' ref='10BM'/>
        <condition type='trackvacancy' ref='10AM'/>
        <condition type='trackvacancy' ref='11M'/>
        <condition type='trackvacancy' ref='543'/>
        <condition type='mutualblocking' ref='r_01'/>
        <condition type='mutualblocking' ref='r_02'/>
        <condition type='mutualblocking' ref='r_06'/>
        <condition type='mutualblocking' ref='r_07'/>
        <condition type='mutualblocking' ref='r_08'/>
        <condition type='mutualblocking' ref='r_09'/>
        <condition type='mutualblocking' ref='r_10'/>
        <condition type='mutualblocking' ref='r_11'/>
        <condition type='mutualblocking' ref='r_13'/>
        <condition type='mutualblocking' ref='r_14'/>
        <condition type='mutualblocking' ref='r_15'/>
        <condition type='mutualblocking' ref='r_16'/>
        <condition type='mutualblocking' ref='r_17'/>
        <condition type='mutualblocking' ref='r_18'/>
        <condition type='mutualblocking' ref='r_19'/>
        <condition type='mutualblocking' ref='r_22'/>
        <condition type='mutualblocking' ref='r_23'/>
      </route>
      <route id="r_13" source="DXM" destination="GYM" dir="up">
        <condition type='point' val='minus' ref='10BM'/>
        <condition type='point' val='minus' ref='11M'/>
        <condition type='point' val='minus' ref='10AM'/>
        <condition type='point' val='plus' ref='13M'/>
        <condition type='signal' ref='AI544'/>
        <condition type='signal' ref='GM'/>
        <condition type='trackvacancy' ref='10BM'/>
        <condition type='trackvacancy' ref='10AM'/>
        <condition type='trackvacancy' ref='11M'/>
        <condition type='trackvacancy' ref='13M'/>
        <condition type='trackvacancy' ref='544'/>
        <condition type='mutualblocking' ref='r_01'/>
        <condition type='mutualblocking' ref='r_02'/>
        <condition type='mutualblocking' ref='r_03'/>
        <condition type='mutualblocking' ref='r_06'/>
        <condition type='mutualblocking' ref='r_07'/>
        <condition type='mutualblocking' ref='r_08'/>
        <condition type='mutualblocking' ref='r_09'/>
        <condition type='mutualblocking' ref='r_10'/>
        <condition type='mutualblocking' ref='r_11'/>
        <condition type='mutualblocking' ref='r_12'/>
        <condition type='mutualblocking' ref='r_14'/>
        <condition type='mutualblocking' ref='r_15'/>
        <condition type='mutualblocking' ref='r_16'/>
        <condition type='mutualblocking' ref='r_17'/>
        <condition type='mutualblocking' ref='r_18'/>
        <condition type='mutualblocking' ref='r_19'/>
        <condition type='mutualblocking' ref='r_22'/>
        <condition type='mutualblocking' ref='r_23'/>
        <condition type='mutualblocking' ref='r_24'/>
        <condition type='mutualblocking' ref='r_25'/>
      </route>
      <route id="r_14" source="DXM" destination="HYM" dir="up">
        <condition type='point' val='minus' ref='10BM'/>
        <condition type='point' val='minus' ref='11M'/>
        <condition type='point' val='minus' ref='10AM'/>
        <condition type='point' val='minus' ref='13M'/>
        <condition type='signal' ref='JM'/>
        <condition type='signal' ref='j545m'/>
        <condition type='signal' ref='j547m'/>
        <condition type='trackvacancy' ref='10BM'/>
        <condition type='trackvacancy' ref='10AM'/>
        <condition type='trackvacancy' ref='11M'/>
        <condition type='trackvacancy' ref='13M'/>
        <condition type='trackvacancy' ref='A911'/>
        <condition type='mutualblocking' ref='r_01'/>
        <condition type='mutualblocking' ref='r_02'/>
        <condition type='mutualblocking' ref='r_03'/>
        <condition type='mutualblocking' ref='r_04'/>
        <condition type='mutualblocking' ref='r_05'/>
        <condition type='mutualblocking' ref='r_06'/>
        <condition type='mutualblocking' ref='r_07'/>
        <condition type='mutualblocking' ref='r_08'/>
        <condition type='mutualblocking' ref='r_09'/>
        <condition type='mutualblocking' ref='r_10'/>
        <condition type='mutualblocking' ref='r_11'/>
        <condition type='mutualblocking' ref='r_12'/>
        <condition type='mutualblocking' ref='r_13'/>
        <condition type='mutualblocking' ref='r_15'/>
        <condition type='mutualblocking' ref='r_16'/>
        <condition type='mutualblocking' ref='r_17'/>
        <condition type='mutualblocking' ref='r_18'/>
        <condition type='mutualblocking' ref='r_19'/>
        <condition type='mutualblocking' ref='r_22'/>
        <condition type='mutualblocking' ref='r_23'/>
        <condition type='mutualblocking' ref='r_24'/>
        <condition type='mutualblocking' ref='r_25'/>
      </route>
      <route id="r_15" source="FM" destination="AO096" dir="down">
        <condition type='point' val='plus' ref='10BM'/>
        <condition type='signal' ref='AIX096'/>
        <condition type='signal' ref='DXM'/>
        <condition type='trackvacancy' ref='10BM'/>
        <condition type='trackvacancy' ref='096'/>
        <condition type='mutualblocking' ref='r_06'/>
        <condition type='mutualblocking' ref='r_11'/>
        <condition type='mutualblocking' ref='r_12'/>
        <condition type='mutualblocking' ref='r_13'/>
        <condition type='mutualblocking' ref='r_14'/>
        <condition type='mutualblocking' ref='r_17'/>
        <condition type='mutualblocking' ref='r_19'/>
        <condition type='mutualblocking' ref='r_23'/>
      </route>
      <route id="r_16" source="FXM" destination="AOX095" dir="down">
        <condition type='point' val='plus' ref='11M'/>
        <condition type='point' val='plus' ref='10AM'/>
        <condition type='signal' ref='AI095'/>
        <condition type='signal' ref='DM'/>
        <condition type='trackvacancy' ref='11M'/>
        <condition type='trackvacancy' ref='10AM'/>
        <condition type='trackvacancy' ref='095'/>
        <condition type='mutualblocking' ref='r_01'/>
        <condition type='mutualblocking' ref='r_08'/>
        <condition type='mutualblocking' ref='r_09'/>
        <condition type='mutualblocking' ref='r_10'/>
        <condition type='mutualblocking' ref='r_12'/>
        <condition type='mutualblocking' ref='r_13'/>
        <condition type='mutualblocking' ref='r_14'/>
        <condition type='mutualblocking' ref='r_17'/>
        <condition type='mutualblocking' ref='r_18'/>
        <condition type='mutualblocking' ref='r_19'/>
        <condition type='mutualblocking' ref='r_22'/>
        <condition type='mutualblocking' ref='r_23'/>
      </route>
      <route id="r_17" source="FXM" destination="AO096" dir="down">
        <condition type='point' val='minus' ref='10BM'/>
        <condition type='point' val='plus' ref='11M'/>
        <condition type='point' val='minus' ref='10AM'/>
        <condition type='signal' ref='AIX096'/>
        <condition type='signal' ref='DXM'/>
        <condition type='trackvacancy' ref='11M'/>
        <condition type='trackvacancy' ref='10AM'/>
        <condition type='trackvacancy' ref='10BM'/>
        <condition type='trackvacancy' ref='096'/>
        <condition type='mutualblocking' ref='r_01'/>
        <condition type='mutualblocking' ref='r_02'/>
        <condition type='mutualblocking' ref='r_06'/>
        <condition type='mutualblocking' ref='r_07'/>
        <condition type='mutualblocking' ref='r_08'/>
        <condition type='mutualblocking' ref='r_09'/>
        <condition type='mutualblocking' ref='r_10'/>
        <condition type='mutualblocking' ref='r_11'/>
        <condition type='mutualblocking' ref='r_12'/>
        <condition type='mutualblocking' ref='r_13'/>
        <condition type='mutualblocking' ref='r_14'/>
        <condition type='mutualblocking' ref='r_15'/>
        <condition type='mutualblocking' ref='r_16'/>
        <condition type='mutualblocking' ref='r_18'/>
        <condition type='mutualblocking' ref='r_19'/>
        <condition type='mutualblocking' ref='r_22'/>
        <condition type='mutualblocking' ref='r_23'/>
      </route>
      <route id="r_18" source="GM" destination="AOX095" dir="down">
        <condition type='point' val='minus' ref='11M'/>
        <condition type='point' val='plus' ref='10AM'/>
        <condition type='point' val='plus' ref='13M'/>
        <condition type='signal' ref='AI095'/>
        <condition type='signal' ref='DM'/>
        <condition type='trackvacancy' ref='13M'/>
        <condition type='trackvacancy' ref='11M'/>
        <condition type='trackvacancy' ref='10AM'/>
        <condition type='trackvacancy' ref='095'/>
        <condition type='mutualblocking' ref='r_01'/>
        <condition type='mutualblocking' ref='r_03'/>
        <condition type='mutualblocking' ref='r_07'/>
        <condition type='mutualblocking' ref='r_08'/>
        <condition type='mutualblocking' ref='r_09'/>
        <condition type='mutualblocking' ref='r_10'/>
        <condition type='mutualblocking' ref='r_12'/>
        <condition type='mutualblocking' ref='r_13'/>
        <condition type='mutualblocking' ref='r_14'/>
        <condition type='mutualblocking' ref='r_16'/>
        <condition type='mutualblocking' ref='r_17'/>
        <condition type='mutualblocking' ref='r_19'/>
        <condition type='mutualblocking' ref='r_22'/>
        <condition type='mutualblocking' ref='r_23'/>
        <condition type='mutualblocking' ref='r_24'/>
        <condition type='mutualblocking' ref='r_25'/>
      </route>
      <route id="r_19" source="GM" destination="AO096" dir="down">
        <condition type='point' val='minus' ref='10BM'/>
        <condition type='point' val='minus' ref='11M'/>
        <condition type='point' val='minus' ref='10AM'/>
        <condition type='point' val='plus' ref='13M'/>
        <condition type='signal' ref='AIX096'/>
        <condition type='signal' ref='DXM'/>
        <condition type='trackvacancy' ref='13M'/>
        <condition type='trackvacancy' ref='11M'/>
        <condition type='trackvacancy' ref='10AM'/>
        <condition type='trackvacancy' ref='10BM'/>
        <condition type='trackvacancy' ref='096'/>
        <condition type='mutualblocking' ref='r_01'/>
        <condition type='mutualblocking' ref='r_02'/>
        <condition type='mutualblocking' ref='r_03'/>
        <condition type='mutualblocking' ref='r_06'/>
        <condition type='mutualblocking' ref='r_07'/>
        <condition type='mutualblocking' ref='r_08'/>
        <condition type='mutualblocking' ref='r_09'/>
        <condition type='mutualblocking' ref='r_10'/>
        <condition type='mutualblocking' ref='r_11'/>
        <condition type='mutualblocking' ref='r_12'/>
        <condition type='mutualblocking' ref='r_13'/>
        <condition type='mutualblocking' ref='r_14'/>
        <condition type='mutualblocking' ref='r_15'/>
        <condition type='mutualblocking' ref='r_16'/>
        <condition type='mutualblocking' ref='r_17'/>
        <condition type='mutualblocking' ref='r_18'/>
        <condition type='mutualblocking' ref='r_22'/>
        <condition type='mutualblocking' ref='r_23'/>
        <condition type='mutualblocking' ref='r_24'/>
        <condition type='mutualblocking' ref='r_25'/>
      </route>
      <route id="r_20" source="HYM" destination="jy545m" dir="up">
        <condition type='point' val='plus' ref='14M'/>
        <condition type='signal' ref='AI545'/>
        <condition type='signal' ref='j545m'/>
        <condition type='trackvacancy' ref='14M'/>
        <condition type='trackvacancy' ref='545'/>
        <condition type='mutualblocking' ref='r_04'/>
        <condition type='mutualblocking' ref='r_05'/>
        <condition type='mutualblocking' ref='r_21'/>
        <condition type='mutualblocking' ref='r_24'/>
        <condition type='mutualblocking' ref='r_25'/>
      </route>
      <route id="r_21" source="HYM" destination="jy547m" dir="up">
        <condition type='point' val='minus' ref='14M'/>
        <condition type='signal' ref='AI547'/>
        <condition type='signal' ref='j547m'/>
        <condition type='trackvacancy' ref='14M'/>
        <condition type='trackvacancy' ref='547'/>
        <condition type='mutualblocking' ref='r_04'/>
        <condition type='mutualblocking' ref='r_05'/>
        <condition type='mutualblocking' ref='r_20'/>
        <condition type='mutualblocking' ref='r_24'/>
        <condition type='mutualblocking' ref='r_25'/>
      </route>
      <route id="r_22" source="JM" destination="AOX095" dir="down">
        <condition type='point' val='minus' ref='11M'/>
        <condition type='point' val='plus' ref='10AM'/>
        <condition type='point' val='minus' ref='13M'/>
        <condition type='signal' ref='AI095'/>
        <condition type='signal' ref='DM'/>
        <condition type='trackvacancy' ref='13M'/>
        <condition type='trackvacancy' ref='11M'/>
        <condition type='trackvacancy' ref='10AM'/>
        <condition type='trackvacancy' ref='095'/>
        <condition type='mutualblocking' ref='r_01'/>
        <condition type='mutualblocking' ref='r_03'/>
        <condition type='mutualblocking' ref='r_07'/>
        <condition type='mutualblocking' ref='r_08'/>
        <condition type='mutualblocking' ref='r_09'/>
        <condition type='mutualblocking' ref='r_10'/>
        <condition type='mutualblocking' ref='r_12'/>
        <condition type='mutualblocking' ref='r_13'/>
        <condition type='mutualblocking' ref='r_14'/>
        <condition type='mutualblocking' ref='r_16'/>
        <condition type='mutualblocking' ref='r_17'/>
        <condition type='mutualblocking' ref='r_18'/>
        <condition type='mutualblocking' ref='r_19'/>
        <condition type='mutualblocking' ref='r_23'/>
        <condition type='mutualblocking' ref='r_24'/>
        <condition type='mutualblocking' ref='r_25'/>
      </route>
      <route id="r_23" source="JM" destination="AO096" dir="down">
        <condition type='point' val='minus' ref='10BM'/>
        <condition type='point' val='minus' ref='11M'/>
        <condition type='point' val='minus' ref='10AM'/>
        <condition type='point' val='minus' ref='13M'/>
        <condition type='signal' ref='AIX096'/>
        <condition type='signal' ref='DXM'/>
        <condition type='trackvacancy' ref='13M'/>
        <condition type='trackvacancy' ref='11M'/>
        <condition type='trackvacancy' ref='10AM'/>
        <condition type='trackvacancy' ref='10BM'/>
        <condition type='trackvacancy' ref='096'/>
        <condition type='mutualblocking' ref='r_01'/>
        <condition type='mutualblocking' ref='r_02'/>
        <condition type='mutualblocking' ref='r_03'/>
        <condition type='mutualblocking' ref='r_06'/>
        <condition type='mutualblocking' ref='r_07'/>
        <condition type='mutualblocking' ref='r_08'/>
        <condition type='mutualblocking' ref='r_09'/>
        <condition type='mutualblocking' ref='r_10'/>
        <condition type='mutualblocking' ref='r_11'/>
        <condition type='mutualblocking' ref='r_12'/>
        <condition type='mutualblocking' ref='r_13'/>
        <condition type='mutualblocking' ref='r_14'/>
        <condition type='mutualblocking' ref='r_15'/>
        <condition type='mutualblocking' ref='r_16'/>
        <condition type='mutualblocking' ref='r_17'/>
        <condition type='mutualblocking' ref='r_18'/>
        <condition type='mutualblocking' ref='r_19'/>
        <condition type='mutualblocking' ref='r_22'/>
        <condition type='mutualblocking' ref='r_24'/>
        <condition type='mutualblocking' ref='r_25'/>
      </route>
      <route id="r_24" source="j545m" destination="JM" dir="down">
        <condition type='point' val='plus' ref='11M'/>
        <condition type='point' val='minus' ref='13M'/>
        <condition type='point' val='plus' ref='14M'/>
        <condition type='signal' ref='HYM'/>
        <condition type='trackvacancy' ref='14M'/>
        <condition type='trackvacancy' ref='A911'/>
        <condition type='mutualblocking' ref='r_03'/>
        <condition type='mutualblocking' ref='r_05'/>
        <condition type='mutualblocking' ref='r_09'/>
        <condition type='mutualblocking' ref='r_10'/>
        <condition type='mutualblocking' ref='r_13'/>
        <condition type='mutualblocking' ref='r_14'/>
        <condition type='mutualblocking' ref='r_18'/>
        <condition type='mutualblocking' ref='r_19'/>
        <condition type='mutualblocking' ref='r_20'/>
        <condition type='mutualblocking' ref='r_21'/>
        <condition type='mutualblocking' ref='r_22'/>
        <condition type='mutualblocking' ref='r_23'/>
        <condition type='mutualblocking' ref='r_25'/>
      </route>
      <route id="r_25" source="j547m" destination="JM" dir="down">
        <condition type='point' val='plus' ref='11M'/>
        <condition type='point' val='minus' ref='13M'/>
        <condition type='point' val='minus' ref='14M'/>
        <condition type='signal' ref='HYM'/>
        <condition type='trackvacancy' ref='14M'/>
        <condition type='trackvacancy' ref='A911'/>
        <condition type='mutualblocking' ref='r_03'/>
        <condition type='mutualblocking' ref='r_04'/>
        <condition type='mutualblocking' ref='r_09'/>
        <condition type='mutualblocking' ref='r_10'/>
        <condition type='mutualblocking' ref='r_13'/>
        <condition type='mutualblocking' ref='r_14'/>
        <condition type='mutualblocking' ref='r_18'/>
        <condition type='mutualblocking' ref='r_19'/>
        <condition type='mutualblocking' ref='r_20'/>
        <condition type='mutualblocking' ref='r_21'/>
        <condition type='mutualblocking' ref='r_22'/>
        <condition type='mutualblocking' ref='r_23'/>
        <condition type='mutualblocking' ref='r_24'/>
      </route>
    </routetable>
  </interlocking>
</xmi:XMI>
