<?xml version="1.0" encoding="UTF-8" standalone="no"?>
<xmi:XMI xmlns:xmi="http://www.omg.org/spec/XMI/2.4.1"
  xmi:version="2.4.1">
  <xmi:Documentation exporter="DK-IXL"
    exporterVersion="0.1" />
  <interlocking id="ixl_lvr_9" version="0.1">
    <network id="net_lvr_9">
      <trackSection id="532" length="100" type="linear">
        <neighbor ref="PM02" side="up" />
        <neighbor ref="952" side="down" />
      </trackSection>
      <trackSection id="531" length="100" type="linear">
        <neighbor ref="PM01" side="up" />
        <neighbor ref="951" side="down" />
      </trackSection>
      <trackSection id="PM02" length="100" type="point">
        <neighbor ref="042" side="plus" />
        <neighbor ref="PM03" side="minus" />
        <neighbor ref="532" side="stem" />
      </trackSection>
      <trackSection id="PM01" length="100" type="point">
        <neighbor ref="PM03" side="plus" />
        <neighbor ref="534" side="minus" />
        <neighbor ref="531" side="stem" />
      </trackSection>
      <trackSection id="PM03" length="100" type="point">
        <neighbor ref="PM01" side="plus" />
        <neighbor ref="PM02" side="minus" />
        <neighbor ref="PM04" side="stem" />
      </trackSection>
      <trackSection id="PM04" length="100" type="point">
        <neighbor ref="041" side="plus" />
        <neighbor ref="533" side="minus" />
        <neighbor ref="PM03" side="stem" />
      </trackSection>
      <trackSection id="042" length="100" type="linear">
        <neighbor ref="PM02" side="down" />
        <neighbor ref="902" side="up" />
      </trackSection>
      <trackSection id="041" length="100" type="linear">
        <neighbor ref="PM04" side="down" />
        <neighbor ref="901" side="up" />
      </trackSection>
      <trackSection id="533" length="100" type="linear">
        <neighbor ref="PM04" side="down" />
        <neighbor ref="953" side="up" />
      </trackSection>
      <trackSection id="534" length="100" type="linear">
        <neighbor ref="PM01" side="down" />
        <neighbor ref="954" side="up" />
      </trackSection>
      
      <!-- Added track sections -->
      <trackSection id="952" length="100" type="linear">
        <neighbor ref="532" side="up" />
      </trackSection>
      <trackSection id="951" length="100" type="linear">
        <neighbor ref="531" side="up" />
      </trackSection>
      <trackSection id="902" length="100" type="linear">
        <neighbor ref="042" side="down" />
      </trackSection>
      <trackSection id="901" length="100" type="linear">
        <neighbor ref="041" side="down" />
      </trackSection>
      <trackSection id="953" length="100" type="linear">
        <neighbor ref="533" side="down" />
      </trackSection>
      <trackSection id="954" length="100" type="linear">
        <neighbor ref="534" side="down" />
      </trackSection>
      <!-- END -->
      <markerboard distance="20.0" id="RXL" mounted="down"
        track="532" />
      <markerboard distance="20.0" id="RL" mounted="down"
        track="531" />
      <markerboard distance="20.0" id="SL" mounted="up"
        track="532" />
      <markerboard distance="20.0" id="SXL" mounted="up"
        track="531" />
      <markerboard distance="20.0" id="TXL" mounted="down"
        track="042" />
      <markerboard distance="20.0" id="TL" mounted="down"
        track="041" />
      <markerboard distance="20.0" id="UXL" mounted="down"
        track="533" />
      <markerboard distance="20.0" id="UL" mounted="down"
        track="534" />
      <!-- Added markerboards -->
      <markerboard distance="20.0" id="A952" mounted="up"
        track="952" />
      <markerboard distance="20.0" id="AX951" mounted="up"
        track="951" />
      <markerboard distance="20.0" id="A042" mounted="up"
        track="042" />
      <markerboard distance="20.0" id="AX041" mounted="up"
        track="041" />
      <markerboard distance="20.0" id="A533" mounted="up"
        track="533" />
      <markerboard distance="20.0" id="AX534" mounted="up"
        track="534" />
      <markerboard distance="20.0" id="A902" mounted="down"
        track="902" />
      <markerboard distance="20.0" id="AX901" mounted="down"
        track="901" />
      <markerboard distance="20.0" id="A953" mounted="down"
        track="953" />
      <markerboard distance="20.0" id="AX954" mounted="down"
        track="954" />
      <!-- END -->
    </network>
    <routetable id="rt_lvr_9" network="net_lvr_9">
      <route id="r_01_" source="A902" destination="TXL" dir="down">
        <condition type='point' val='plus' ref='PM02'/>
        <condition type='point' val='plus' ref='PM03'/>
        <condition type='signal' ref='A042'/>
        <condition type='signal' ref='SL'/>
        <condition type='trackvacancy' ref='042'/>
        <condition type='mutualblocking' ref='r_02_'/>
        <condition type='mutualblocking' ref='r_05_'/>
        <condition type='mutualblocking' ref='r_06_'/>
        <condition type='mutualblocking' ref='r_07_'/>
        <condition type='mutualblocking' ref='r_08b'/>
        <condition type='mutualblocking' ref='r_09b'/>
        <condition type='mutualblocking' ref='r_12_'/>
        <condition type='mutualblocking' ref='r_14b'/>
        <condition type='mutualblocking' ref='r_16_'/>
        <condition type='mutualblocking' ref='r_18b'/>
      </route>
      <route id="r_02_" source="A952" destination="SL" dir="up">
        <condition type='point' val='plus' ref='PM03'/>
        <condition type='signal' ref='RXL'/>
        <condition type='signal' ref='TXL'/>
        <condition type='trackvacancy' ref='532'/>
        <condition type='mutualblocking' ref='r_01_'/>
        <condition type='mutualblocking' ref='r_05_'/>
        <condition type='mutualblocking' ref='r_06_'/>
        <condition type='mutualblocking' ref='r_08b'/>
        <condition type='mutualblocking' ref='r_09b'/>
        <condition type='mutualblocking' ref='r_12_'/>
        <condition type='mutualblocking' ref='r_14b'/>
        <condition type='mutualblocking' ref='r_15_'/>
        <condition type='mutualblocking' ref='r_16_'/>
        <condition type='mutualblocking' ref='r_18b'/>
      </route>
      <route id="r_03_" source="A953" destination="UXL" dir="down">
        <condition type='point' val='plus' ref='PM02'/>
        <condition type='point' val='minus' ref='PM01'/>
        <condition type='point' val='minus' ref='PM04'/>
        <condition type='signal' ref='A533'/>
        <condition type='signal' ref='TL'/>
        <condition type='trackvacancy' ref='533'/>
        <condition type='mutualblocking' ref='r_04_'/>
        <condition type='mutualblocking' ref='r_08b'/>
        <condition type='mutualblocking' ref='r_09b'/>
        <condition type='mutualblocking' ref='r_10b'/>
        <condition type='mutualblocking' ref='r_11b'/>
        <condition type='mutualblocking' ref='r_13b'/>
        <condition type='mutualblocking' ref='r_14b'/>
        <condition type='mutualblocking' ref='r_17b'/>
        <condition type='mutualblocking' ref='r_18b'/>
      </route>
      <route id="r_04_" source="AX901" destination="TL" dir="down">
        <condition type='point' val='plus' ref='PM02'/>
        <condition type='point' val='minus' ref='PM01'/>
        <condition type='point' val='plus' ref='PM04'/>
        <condition type='signal' ref='AX041'/>
        <condition type='signal' ref='UXL'/>
        <condition type='trackvacancy' ref='041'/>
        <condition type='mutualblocking' ref='r_03_'/>
        <condition type='mutualblocking' ref='r_08b'/>
        <condition type='mutualblocking' ref='r_09b'/>
        <condition type='mutualblocking' ref='r_10b'/>
        <condition type='mutualblocking' ref='r_11b'/>
        <condition type='mutualblocking' ref='r_13b'/>
        <condition type='mutualblocking' ref='r_14b'/>
        <condition type='mutualblocking' ref='r_17b'/>
        <condition type='mutualblocking' ref='r_18b'/>
      </route>
      <route id="r_05_" source="AX951" destination="SXL" dir="up">
        <condition type='point' val='minus' ref='PM03'/>
        <condition type='signal' ref='RL'/>
        <condition type='signal' ref='UL'/>
        <condition type='trackvacancy' ref='531'/>
        <condition type='mutualblocking' ref='r_01_'/>
        <condition type='mutualblocking' ref='r_02_'/>
        <condition type='mutualblocking' ref='r_06_'/>
        <condition type='mutualblocking' ref='r_07_'/>
        <condition type='mutualblocking' ref='r_10b'/>
        <condition type='mutualblocking' ref='r_11b'/>
        <condition type='mutualblocking' ref='r_13b'/>
        <condition type='mutualblocking' ref='r_15_'/>
        <condition type='mutualblocking' ref='r_16_'/>
        <condition type='mutualblocking' ref='r_17b'/>
      </route>
      <route id="r_06_" source="AX954" destination="UL" dir="down">
        <condition type='point' val='minus' ref='PM01'/>
        <condition type='point' val='minus' ref='PM03'/>
        <condition type='signal' ref='AX534'/>
        <condition type='signal' ref='SXL'/>
        <condition type='trackvacancy' ref='534'/>
        <condition type='mutualblocking' ref='r_01_'/>
        <condition type='mutualblocking' ref='r_02_'/>
        <condition type='mutualblocking' ref='r_05_'/>
        <condition type='mutualblocking' ref='r_07_'/>
        <condition type='mutualblocking' ref='r_10b'/>
        <condition type='mutualblocking' ref='r_11b'/>
        <condition type='mutualblocking' ref='r_12_'/>
        <condition type='mutualblocking' ref='r_13b'/>
        <condition type='mutualblocking' ref='r_15_'/>
        <condition type='mutualblocking' ref='r_17b'/>
      </route>
      <route id="r_07_" source="SL" destination="A042" dir="up">
        <condition type='point' val='plus' ref='PM02'/>
        <condition type='point' val='plus' ref='PM03'/>
        <condition type='signal' ref='A902'/>
        <condition type='signal' ref='TXL'/>
        <condition type='trackvacancy' ref='PM02'/>
        <condition type='trackvacancy' ref='042'/>
        <condition type='mutualblocking' ref='r_01_'/>
        <condition type='mutualblocking' ref='r_05_'/>
        <condition type='mutualblocking' ref='r_06_'/>
        <condition type='mutualblocking' ref='r_08b'/>
        <condition type='mutualblocking' ref='r_09b'/>
        <condition type='mutualblocking' ref='r_10b'/>
        <condition type='mutualblocking' ref='r_11b'/>
        <condition type='mutualblocking' ref='r_12_'/>
        <condition type='mutualblocking' ref='r_13b'/>
        <condition type='mutualblocking' ref='r_14b'/>
        <condition type='mutualblocking' ref='r_15_'/>
        <condition type='mutualblocking' ref='r_16_'/>
        <condition type='mutualblocking' ref='r_17b'/>
        <condition type='mutualblocking' ref='r_18b'/>
      </route>
      <route id="r_08b" source="SL" destination="AX041" dir="up">
        <condition type='point' val='minus' ref='PM02'/>
        <condition type='point' val='minus' ref='PM03'/>
        <condition type='point' val='plus' ref='PM04'/>
        <condition type='signal' ref='AX901'/>
        <condition type='signal' ref='SXL'/>
        <condition type='signal' ref='TL'/>
        <condition type='signal' ref='TXL'/>
        <condition type='signal' ref='UL'/>
        <condition type='signal' ref='UXL'/>
        <condition type='trackvacancy' ref='PM02'/>
        <condition type='trackvacancy' ref='PM03'/>
        <condition type='trackvacancy' ref='PM04'/>
        <condition type='trackvacancy' ref='041'/>
        <condition type='mutualblocking' ref='r_01_'/>
        <condition type='mutualblocking' ref='r_02_'/>
        <condition type='mutualblocking' ref='r_03_'/>
        <condition type='mutualblocking' ref='r_04_'/>
        <condition type='mutualblocking' ref='r_07_'/>
        <condition type='mutualblocking' ref='r_09b'/>
        <condition type='mutualblocking' ref='r_10b'/>
        <condition type='mutualblocking' ref='r_11b'/>
        <condition type='mutualblocking' ref='r_12_'/>
        <condition type='mutualblocking' ref='r_13b'/>
        <condition type='mutualblocking' ref='r_14b'/>
        <condition type='mutualblocking' ref='r_15_'/>
        <condition type='mutualblocking' ref='r_16_'/>
        <condition type='mutualblocking' ref='r_17b'/>
        <condition type='mutualblocking' ref='r_18b'/>
      </route>
      <route id="r_09b" source="SL" destination="A533" dir="up">
        <condition type='point' val='minus' ref='PM02'/>
        <condition type='point' val='minus' ref='PM03'/>
        <condition type='point' val='minus' ref='PM04'/>
        <condition type='signal' ref='A953'/>
        <condition type='signal' ref='SXL'/>
        <condition type='signal' ref='TL'/>
        <condition type='signal' ref='TXL'/>
        <condition type='signal' ref='UL'/>
        <condition type='signal' ref='UXL'/>
        <condition type='trackvacancy' ref='PM02'/>
        <condition type='trackvacancy' ref='PM03'/>
        <condition type='trackvacancy' ref='PM04'/>
        <condition type='trackvacancy' ref='533'/>
        <condition type='mutualblocking' ref='r_01_'/>
        <condition type='mutualblocking' ref='r_02_'/>
        <condition type='mutualblocking' ref='r_03_'/>
        <condition type='mutualblocking' ref='r_04_'/>
        <condition type='mutualblocking' ref='r_07_'/>
        <condition type='mutualblocking' ref='r_08b'/>
        <condition type='mutualblocking' ref='r_10b'/>
        <condition type='mutualblocking' ref='r_11b'/>
        <condition type='mutualblocking' ref='r_12_'/>
        <condition type='mutualblocking' ref='r_13b'/>
        <condition type='mutualblocking' ref='r_14b'/>
        <condition type='mutualblocking' ref='r_15_'/>
        <condition type='mutualblocking' ref='r_16_'/>
        <condition type='mutualblocking' ref='r_17b'/>
        <condition type='mutualblocking' ref='r_18b'/>
      </route>
      <route id="r_10b" source="SXL" destination="AX041" dir="up">
        <condition type='point' val='plus' ref='PM01'/>
        <condition type='point' val='plus' ref='PM03'/>
        <condition type='point' val='plus' ref='PM04'/>
        <condition type='signal' ref='AX901'/>
        <condition type='signal' ref='SL'/>
        <condition type='signal' ref='TL'/>
        <condition type='signal' ref='TXL'/>
        <condition type='signal' ref='UL'/>
        <condition type='signal' ref='UXL'/>
        <condition type='trackvacancy' ref='PM01'/>
        <condition type='trackvacancy' ref='PM03'/>
        <condition type='trackvacancy' ref='PM04'/>
        <condition type='trackvacancy' ref='041'/>
        <condition type='mutualblocking' ref='r_03_'/>
        <condition type='mutualblocking' ref='r_04_'/>
        <condition type='mutualblocking' ref='r_05_'/>
        <condition type='mutualblocking' ref='r_06_'/>
        <condition type='mutualblocking' ref='r_07_'/>
        <condition type='mutualblocking' ref='r_08b'/>
        <condition type='mutualblocking' ref='r_09b'/>
        <condition type='mutualblocking' ref='r_11b'/>
        <condition type='mutualblocking' ref='r_12_'/>
        <condition type='mutualblocking' ref='r_13b'/>
        <condition type='mutualblocking' ref='r_14b'/>
        <condition type='mutualblocking' ref='r_15_'/>
        <condition type='mutualblocking' ref='r_16_'/>
        <condition type='mutualblocking' ref='r_17b'/>
        <condition type='mutualblocking' ref='r_18b'/>
      </route>
      <route id="r_11b" source="SXL" destination="A533" dir="up">
        <condition type='point' val='plus' ref='PM01'/>
        <condition type='point' val='plus' ref='PM03'/>
        <condition type='point' val='minus' ref='PM04'/>
        <condition type='signal' ref='A953'/>
        <condition type='signal' ref='SL'/>
        <condition type='signal' ref='TL'/>
        <condition type='signal' ref='TXL'/>
        <condition type='signal' ref='UL'/>
        <condition type='signal' ref='UXL'/>
        <condition type='trackvacancy' ref='PM01'/>
        <condition type='trackvacancy' ref='PM03'/>
        <condition type='trackvacancy' ref='PM04'/>
        <condition type='trackvacancy' ref='533'/>
        <condition type='mutualblocking' ref='r_03_'/>
        <condition type='mutualblocking' ref='r_04_'/>
        <condition type='mutualblocking' ref='r_05_'/>
        <condition type='mutualblocking' ref='r_06_'/>
        <condition type='mutualblocking' ref='r_07_'/>
        <condition type='mutualblocking' ref='r_08b'/>
        <condition type='mutualblocking' ref='r_09b'/>
        <condition type='mutualblocking' ref='r_10b'/>
        <condition type='mutualblocking' ref='r_12_'/>
        <condition type='mutualblocking' ref='r_13b'/>
        <condition type='mutualblocking' ref='r_14b'/>
        <condition type='mutualblocking' ref='r_15_'/>
        <condition type='mutualblocking' ref='r_16_'/>
        <condition type='mutualblocking' ref='r_17b'/>
        <condition type='mutualblocking' ref='r_18b'/>
      </route>
      <route id="r_12_" source="SXL" destination="AX534" dir="up">
        <condition type='point' val='minus' ref='PM01'/>
        <condition type='point' val='minus' ref='PM03'/>
        <condition type='signal' ref='AX954'/>
        <condition type='signal' ref='UL'/>
        <condition type='trackvacancy' ref='PM01'/>
        <condition type='trackvacancy' ref='534'/>
        <condition type='mutualblocking' ref='r_01_'/>
        <condition type='mutualblocking' ref='r_02_'/>
        <condition type='mutualblocking' ref='r_06_'/>
        <condition type='mutualblocking' ref='r_07_'/>
        <condition type='mutualblocking' ref='r_08b'/>
        <condition type='mutualblocking' ref='r_09b'/>
        <condition type='mutualblocking' ref='r_10b'/>
        <condition type='mutualblocking' ref='r_11b'/>
        <condition type='mutualblocking' ref='r_13b'/>
        <condition type='mutualblocking' ref='r_14b'/>
        <condition type='mutualblocking' ref='r_15_'/>
        <condition type='mutualblocking' ref='r_16_'/>
        <condition type='mutualblocking' ref='r_17b'/>
        <condition type='mutualblocking' ref='r_18b'/>
      </route>
      <route id="r_13b" source="TL" destination="RL" dir="down">
        <condition type='point' val='plus' ref='PM01'/>
        <condition type='point' val='plus' ref='PM03'/>
        <condition type='point' val='plus' ref='PM04'/>
        <condition type='signal' ref='AX951'/>
        <condition type='signal' ref='SL'/>
        <condition type='signal' ref='SXL'/>
        <condition type='signal' ref='TXL'/>
        <condition type='signal' ref='UL'/>
        <condition type='signal' ref='UXL'/>
        <condition type='trackvacancy' ref='PM04'/>
        <condition type='trackvacancy' ref='PM03'/>
        <condition type='trackvacancy' ref='PM01'/>
        <condition type='trackvacancy' ref='531'/>
        <condition type='mutualblocking' ref='r_03_'/>
        <condition type='mutualblocking' ref='r_04_'/>
        <condition type='mutualblocking' ref='r_05_'/>
        <condition type='mutualblocking' ref='r_06_'/>
        <condition type='mutualblocking' ref='r_07_'/>
        <condition type='mutualblocking' ref='r_08b'/>
        <condition type='mutualblocking' ref='r_09b'/>
        <condition type='mutualblocking' ref='r_10b'/>
        <condition type='mutualblocking' ref='r_11b'/>
        <condition type='mutualblocking' ref='r_12_'/>
        <condition type='mutualblocking' ref='r_14b'/>
        <condition type='mutualblocking' ref='r_15_'/>
        <condition type='mutualblocking' ref='r_16_'/>
        <condition type='mutualblocking' ref='r_17b'/>
        <condition type='mutualblocking' ref='r_18b'/>
      </route>
      <route id="r_14b" source="TL" destination="RXL" dir="down">
        <condition type='point' val='minus' ref='PM02'/>
        <condition type='point' val='minus' ref='PM03'/>
        <condition type='point' val='plus' ref='PM04'/>
        <condition type='signal' ref='A952'/>
        <condition type='signal' ref='SL'/>
        <condition type='signal' ref='SXL'/>
        <condition type='signal' ref='TXL'/>
        <condition type='signal' ref='UL'/>
        <condition type='signal' ref='UXL'/>
        <condition type='trackvacancy' ref='PM04'/>
        <condition type='trackvacancy' ref='PM03'/>
        <condition type='trackvacancy' ref='PM02'/>
        <condition type='trackvacancy' ref='532'/>
        <condition type='mutualblocking' ref='r_01_'/>
        <condition type='mutualblocking' ref='r_02_'/>
        <condition type='mutualblocking' ref='r_03_'/>
        <condition type='mutualblocking' ref='r_04_'/>
        <condition type='mutualblocking' ref='r_07_'/>
        <condition type='mutualblocking' ref='r_08b'/>
        <condition type='mutualblocking' ref='r_09b'/>
        <condition type='mutualblocking' ref='r_10b'/>
        <condition type='mutualblocking' ref='r_11b'/>
        <condition type='mutualblocking' ref='r_12_'/>
        <condition type='mutualblocking' ref='r_13b'/>
        <condition type='mutualblocking' ref='r_15_'/>
        <condition type='mutualblocking' ref='r_16_'/>
        <condition type='mutualblocking' ref='r_17b'/>
        <condition type='mutualblocking' ref='r_18b'/>
      </route>
      <route id="r_15_" source="TXL" destination="RXL" dir="down">
        <condition type='point' val='plus' ref='PM02'/>
        <condition type='point' val='plus' ref='PM03'/>
        <condition type='signal' ref='A952'/>
        <condition type='signal' ref='SL'/>
        <condition type='trackvacancy' ref='PM02'/>
        <condition type='trackvacancy' ref='532'/>
        <condition type='mutualblocking' ref='r_02_'/>
        <condition type='mutualblocking' ref='r_05_'/>
        <condition type='mutualblocking' ref='r_06_'/>
        <condition type='mutualblocking' ref='r_07_'/>
        <condition type='mutualblocking' ref='r_08b'/>
        <condition type='mutualblocking' ref='r_09b'/>
        <condition type='mutualblocking' ref='r_10b'/>
        <condition type='mutualblocking' ref='r_11b'/>
        <condition type='mutualblocking' ref='r_12_'/>
        <condition type='mutualblocking' ref='r_13b'/>
        <condition type='mutualblocking' ref='r_14b'/>
        <condition type='mutualblocking' ref='r_16_'/>
        <condition type='mutualblocking' ref='r_17b'/>
        <condition type='mutualblocking' ref='r_18b'/>
      </route>
      <route id="r_16_" source="UL" destination="RL" dir="down">
        <condition type='point' val='minus' ref='PM01'/>
        <condition type='point' val='minus' ref='PM03'/>
        <condition type='signal' ref='AX951'/>
        <condition type='signal' ref='SXL'/>
        <condition type='trackvacancy' ref='PM01'/>
        <condition type='trackvacancy' ref='531'/>
        <condition type='mutualblocking' ref='r_01_'/>
        <condition type='mutualblocking' ref='r_02_'/>
        <condition type='mutualblocking' ref='r_05_'/>
        <condition type='mutualblocking' ref='r_07_'/>
        <condition type='mutualblocking' ref='r_08b'/>
        <condition type='mutualblocking' ref='r_09b'/>
        <condition type='mutualblocking' ref='r_10b'/>
        <condition type='mutualblocking' ref='r_11b'/>
        <condition type='mutualblocking' ref='r_12_'/>
        <condition type='mutualblocking' ref='r_13b'/>
        <condition type='mutualblocking' ref='r_14b'/>
        <condition type='mutualblocking' ref='r_15_'/>
        <condition type='mutualblocking' ref='r_17b'/>
        <condition type='mutualblocking' ref='r_18b'/>
      </route>
      <route id="r_17b" source="UXL" destination="RL" dir="down">
        <condition type='point' val='plus' ref='PM01'/>
        <condition type='point' val='plus' ref='PM03'/>
        <condition type='point' val='minus' ref='PM04'/>
        <condition type='signal' ref='AX951'/>
        <condition type='signal' ref='SL'/>
        <condition type='signal' ref='SXL'/>
        <condition type='signal' ref='TL'/>
        <condition type='signal' ref='TXL'/>
        <condition type='signal' ref='UL'/>
        <condition type='trackvacancy' ref='PM04'/>
        <condition type='trackvacancy' ref='PM03'/>
        <condition type='trackvacancy' ref='PM01'/>
        <condition type='trackvacancy' ref='531'/>
        <condition type='mutualblocking' ref='r_03_'/>
        <condition type='mutualblocking' ref='r_04_'/>
        <condition type='mutualblocking' ref='r_05_'/>
        <condition type='mutualblocking' ref='r_06_'/>
        <condition type='mutualblocking' ref='r_07_'/>
        <condition type='mutualblocking' ref='r_08b'/>
        <condition type='mutualblocking' ref='r_09b'/>
        <condition type='mutualblocking' ref='r_10b'/>
        <condition type='mutualblocking' ref='r_11b'/>
        <condition type='mutualblocking' ref='r_12_'/>
        <condition type='mutualblocking' ref='r_13b'/>
        <condition type='mutualblocking' ref='r_14b'/>
        <condition type='mutualblocking' ref='r_15_'/>
        <condition type='mutualblocking' ref='r_16_'/>
        <condition type='mutualblocking' ref='r_18b'/>
      </route>
      <route id="r_18b" source="UXL" destination="RXL" dir="down">
        <condition type='point' val='minus' ref='PM02'/>
        <condition type='point' val='minus' ref='PM03'/>
        <condition type='point' val='minus' ref='PM04'/>
        <condition type='signal' ref='A952'/>
        <condition type='signal' ref='SL'/>
        <condition type='signal' ref='SXL'/>
        <condition type='signal' ref='TL'/>
        <condition type='signal' ref='TXL'/>
        <condition type='signal' ref='UL'/>
        <condition type='trackvacancy' ref='PM04'/>
        <condition type='trackvacancy' ref='PM03'/>
        <condition type='trackvacancy' ref='PM02'/>
        <condition type='trackvacancy' ref='532'/>
        <condition type='mutualblocking' ref='r_01_'/>
        <condition type='mutualblocking' ref='r_02_'/>
        <condition type='mutualblocking' ref='r_03_'/>
        <condition type='mutualblocking' ref='r_04_'/>
        <condition type='mutualblocking' ref='r_07_'/>
        <condition type='mutualblocking' ref='r_08b'/>
        <condition type='mutualblocking' ref='r_09b'/>
        <condition type='mutualblocking' ref='r_10b'/>
        <condition type='mutualblocking' ref='r_11b'/>
        <condition type='mutualblocking' ref='r_12_'/>
        <condition type='mutualblocking' ref='r_13b'/>
        <condition type='mutualblocking' ref='r_14b'/>
        <condition type='mutualblocking' ref='r_15_'/>
        <condition type='mutualblocking' ref='r_16_'/>
        <condition type='mutualblocking' ref='r_17b'/>
      </route>
    </routetable>
  </interlocking>
</xmi:XMI>
