<?xml version="1.0" encoding="UTF-8" standalone="no"?>
<xmi:XMI xmlns:xmi="http://www.omg.org/spec/XMI/2.4.1" xmi:version="2.4.1">
  <xmi:Documentation exporter="DK-IXL" exporterVersion="0.1"/>
  <interlocking id="ixl_lvr_1" version="0.1">
    <network id="net_lvr_1">
      <trackSection id="533" length="100" type="linear">
        <neighbor ref="PM01U" side="up"/>
        <neighbor ref="A593" side="down"/>
      </trackSection>
      <trackSection id="534" length="100" type="linear">
          <neighbor ref="PM01U" side="up"/>
          <neighbor ref="A594" side="down"/>
      </trackSection>
      
      <!-- Sections added on LEFT side -->
      <trackSection id="A593" length="100" type="linear">
          <neighbor ref="533" side="up"/>
      </trackSection>
      <trackSection id="A594" length="100" type="linear">
          <neighbor ref="534" side="up"/>
      </trackSection>
      <!-- End Section added -->
      
  
      <trackSection id="PM01U" length="100" type="point">
        <neighbor ref="533" side="plus"/>
        <neighbor ref="534" side="minus"/>
        <neighbor ref="083" side="stem"/>
      </trackSection>
      <trackSection id="083" length="100" type="linear">
        <neighbor ref="PM01U" side="down"/>
        <neighbor ref="PM02U" side="up"/>
      </trackSection>
      <trackSection id="PM02U" length="100" type="point">
        <neighbor ref="PM03U" side="plus"/>
        <neighbor ref="803" side="minus"/>
        <neighbor ref="083" side="stem"/>
      </trackSection>
      <trackSection id="PM03U" length="100" type="point">
          <neighbor ref="802" side="plus"/>
          <neighbor ref="801" side="minus"/>
          <neighbor ref="PM02U" side="stem"/>
      </trackSection>
      
      <trackSection id="803" length="100" type="linear">
          <neighbor ref="PM02U" side="down"/>
          <neighbor ref="A893" side="up"/>
      </trackSection>
      <trackSection id="802" length="100" type="linear">
          <neighbor ref="PM03U" side="down"/>
          <neighbor ref="PM04U" side="up"/>
      </trackSection>
      
      <trackSection id="801" length="100" type="linear">
          <neighbor ref="PM03U" side="down"/>
          <neighbor ref="PM04U" side="up"/>
      </trackSection>
      <trackSection id="PM04U" length="100" type="point">
        <neighbor ref="801" side="plus"/>
        <neighbor ref="802" side="minus"/>
        <neighbor ref="804" side="stem"/>
      </trackSection>
      <trackSection id="804" length="100" type="linear">
        <neighbor ref="PM04U" side="down"/>
        <neighbor ref="A894" side="up"/>
      </trackSection>
    <!-- Sections added on RIGHT side -->
        <trackSection id="A893" length="100" type="linear">
            <neighbor ref="803" side="down"/>
        </trackSection>
        <trackSection id="A894" length="100" type="linear">
            <neighbor ref="804" side="down"/>
        </trackSection>
        <!-- End Section added -->
      <markerboard distance="20.0" id="LU11" mounted="up" track="533"/>
      <markerboard distance="20.0" id="LXU11" mounted="up" track="534"/>
      
      <markerboard distance="20.0" id="TXU11" mounted="down" track="083"/>
      <markerboard distance="20.0" id="CU11" mounted="up" track="083"/>
      
      <markerboard distance="20.0" id="FU11" mounted="down" track="803"/>
      <markerboard distance="20.0" id="EU11" mounted="down" track="802"/>
      <markerboard distance="20.0" id="ECU11" mounted="up" track="802"/>
      
      <markerboard distance="20.0" id="DU11" mounted="down" track="801"/>
      <markerboard distance="20.0" id="DCU11" mounted="up" track="801"/>
      
      <markerboard distance="20.0" id="GU11" mounted="down" track="804"/>
      
      
      
      
      
      
      <!-- Markerboards added -->
      <markerboard distance="20.0" id="AXU533" mounted="down" track="533"/>
      <markerboard distance="20.0" id="AU534" mounted="down" track="534"/>
      <markerboard distance="20.0" id="AU593" mounted="up" track="A593"/>
      <markerboard distance="20.0" id="AXU594" mounted="up" track="A594"/>
      
      <markerboard distance="20.0" id="ACU803" mounted="up" track="803"/>
      <markerboard distance="20.0" id="ACU804" mounted="up" track="804"/>
      <markerboard distance="20.0" id="AU893" mounted="down" track="A893"/>
      <markerboard distance="20.0" id="AU894" mounted="down" track="A894"/>
      <!-- End Markerboards added -->
      
      
    </network>
    <routetable id="rt_lvr_1" network="net_lvr_1">
      <route id="r_01_" source="AU593" destination="LU11" dir="up">
        <condition type='point' val='plus' ref='PM01U'/>
        <condition type='signal' ref='AXU533'/>
        <condition type='signal' ref='LXU11'/>
        <condition type='signal' ref='TXU11'/>
        <condition type='trackvacancy' ref='533'/>
        <condition type='mutualblocking' ref='r_04_'/>
        <condition type='mutualblocking' ref='r_09_'/>
        <condition type='mutualblocking' ref='r_11_'/>
        <condition type='mutualblocking' ref='r_12_'/>
        <condition type='mutualblocking' ref='r_16_'/>
        <condition type='mutualblocking' ref='r_17_'/>
        <condition type='mutualblocking' ref='r_18_'/>
      </route>
      <route id="r_02_" source="AU893" destination="FU11" dir="down">
        <condition type='point' val='minus' ref='PM02U'/>
        <condition type='signal' ref='ACU803'/>
        <condition type='signal' ref='CU11'/>
        <condition type='signal' ref='DU11'/>
        <condition type='signal' ref='EU11'/>
        <condition type='trackvacancy' ref='803'/>
        <condition type='mutualblocking' ref='r_05_'/>
        <condition type='mutualblocking' ref='r_06_'/>
        <condition type='mutualblocking' ref='r_07_'/>
        <condition type='mutualblocking' ref='r_09_'/>
        <condition type='mutualblocking' ref='r_11_'/>
        <condition type='mutualblocking' ref='r_15_'/>
        <condition type='mutualblocking' ref='r_16_'/>
      </route>
      <route id="r_03_" source="AU894" destination="GU11" dir="down">
        <condition type='signal' ref='ACU804'/>
        <condition type='signal' ref='DCU11'/>
        <condition type='signal' ref='ECU11'/>
        <condition type='trackvacancy' ref='804'/>
        <condition type='mutualblocking' ref='r_05_'/>
        <condition type='mutualblocking' ref='r_06_'/>
        <condition type='mutualblocking' ref='r_08_'/>
        <condition type='mutualblocking' ref='r_10_'/>
      </route>
      <route id="r_04_" source="AXU594" destination="LXU11" dir="up">
        <condition type='point' val='minus' ref='PM01U'/>
        <condition type='signal' ref='AU534'/>
        <condition type='signal' ref='LU11'/>
        <condition type='signal' ref='TXU11'/>
        <condition type='trackvacancy' ref='534'/>
        <condition type='mutualblocking' ref='r_01_'/>
        <condition type='mutualblocking' ref='r_09_'/>
        <condition type='mutualblocking' ref='r_11_'/>
        <condition type='mutualblocking' ref='r_12_'/>
        <condition type='mutualblocking' ref='r_15_'/>
        <condition type='mutualblocking' ref='r_17_'/>
        <condition type='mutualblocking' ref='r_18_'/>
      </route>
      <route id="r_05_" source="CU11" destination="ECU11" dir="up">
        <condition type='point' val='plus' ref='PM02U'/>
        <condition type='point' val='plus' ref='PM03U'/>
        <condition type='point' val='minus' ref='PM04U'/>
        <condition type='signal' ref='DCU11'/>
        <condition type='signal' ref='DU11'/>
        <condition type='signal' ref='EU11'/>
        <condition type='signal' ref='FU11'/>
        <condition type='signal' ref='GU11'/>
        <condition type='trackvacancy' ref='PM02U'/>
        <condition type='trackvacancy' ref='PM03U'/>
        <condition type='trackvacancy' ref='802'/>
        <condition type='mutualblocking' ref='r_02_'/>
        <condition type='mutualblocking' ref='r_03_'/>
        <condition type='mutualblocking' ref='r_06_'/>
        <condition type='mutualblocking' ref='r_07_'/>
        <condition type='mutualblocking' ref='r_08_'/>
        <condition type='mutualblocking' ref='r_09_'/>
        <condition type='mutualblocking' ref='r_11_'/>
        <condition type='mutualblocking' ref='r_12_'/>
        <condition type='mutualblocking' ref='r_13b'/>
        <condition type='mutualblocking' ref='r_14b'/>
      </route>
      <route id="r_06_" source="CU11" destination="DCU11" dir="up">
        <condition type='point' val='plus' ref='PM02U'/>
        <condition type='point' val='minus' ref='PM03U'/>
        <condition type='point' val='plus' ref='PM04U'/>
        <condition type='signal' ref='DU11'/>
        <condition type='signal' ref='ECU11'/>
        <condition type='signal' ref='EU11'/>
        <condition type='signal' ref='FU11'/>
        <condition type='signal' ref='GU11'/>
        <condition type='trackvacancy' ref='PM02U'/>
        <condition type='trackvacancy' ref='PM03U'/>
        <condition type='trackvacancy' ref='801'/>
        <condition type='mutualblocking' ref='r_02_'/>
        <condition type='mutualblocking' ref='r_03_'/>
        <condition type='mutualblocking' ref='r_05_'/>
        <condition type='mutualblocking' ref='r_07_'/>
        <condition type='mutualblocking' ref='r_09_'/>
        <condition type='mutualblocking' ref='r_10_'/>
        <condition type='mutualblocking' ref='r_11_'/>
        <condition type='mutualblocking' ref='r_12_'/>
        <condition type='mutualblocking' ref='r_13b'/>
        <condition type='mutualblocking' ref='r_14b'/>
      </route>
      <route id="r_07_" source="CU11" destination="ACU803" dir="up">
        <condition type='point' val='minus' ref='PM02U'/>
        <condition type='signal' ref='AU893'/>
        <condition type='signal' ref='DU11'/>
        <condition type='signal' ref='EU11'/>
        <condition type='signal' ref='FU11'/>
        <condition type='trackvacancy' ref='PM02U'/>
        <condition type='trackvacancy' ref='803'/>
        <condition type='mutualblocking' ref='r_02_'/>
        <condition type='mutualblocking' ref='r_05_'/>
        <condition type='mutualblocking' ref='r_06_'/>
        <condition type='mutualblocking' ref='r_09_'/>
        <condition type='mutualblocking' ref='r_11_'/>
        <condition type='mutualblocking' ref='r_12_'/>
        <condition type='mutualblocking' ref='r_13b'/>
        <condition type='mutualblocking' ref='r_14b'/>
      </route>
      <route id="r_08_" source="DCU11" destination="ACU804" dir="up">
        <condition type='point' val='plus' ref='PM04U'/>
        <condition type='signal' ref='AU894'/>
        <condition type='signal' ref='ECU11'/>
        <condition type='signal' ref='GU11'/>
        <condition type='trackvacancy' ref='PM04U'/>
        <condition type='trackvacancy' ref='804'/>
        <condition type='mutualblocking' ref='r_03_'/>
        <condition type='mutualblocking' ref='r_05_'/>
        <condition type='mutualblocking' ref='r_10_'/>
        <condition type='mutualblocking' ref='r_13b'/>
        <condition type='mutualblocking' ref='r_14b'/>
      </route>
      <route id="r_09_" source="DU11" destination="TXU11" dir="down">
        <condition type='point' val='plus' ref='PM02U'/>
        <condition type='point' val='minus' ref='PM03U'/>
        <condition type='signal' ref='CU11'/>
        <condition type='signal' ref='EU11'/>
        <condition type='signal' ref='FU11'/>
        <condition type='signal' ref='LU11'/>
        <condition type='signal' ref='LXU11'/>
        <condition type='trackvacancy' ref='PM03U'/>
        <condition type='trackvacancy' ref='PM02U'/>
        <condition type='trackvacancy' ref='083'/>
        <condition type='mutualblocking' ref='r_01_'/>
        <condition type='mutualblocking' ref='r_02_'/>
        <condition type='mutualblocking' ref='r_04_'/>
        <condition type='mutualblocking' ref='r_05_'/>
        <condition type='mutualblocking' ref='r_06_'/>
        <condition type='mutualblocking' ref='r_07_'/>
        <condition type='mutualblocking' ref='r_11_'/>
        <condition type='mutualblocking' ref='r_12_'/>
        <condition type='mutualblocking' ref='r_14b'/>
        <condition type='mutualblocking' ref='r_15_'/>
        <condition type='mutualblocking' ref='r_16_'/>
      </route>
      <route id="r_10_" source="ECU11" destination="ACU804" dir="up">
        <condition type='point' val='minus' ref='PM04U'/>
        <condition type='signal' ref='AU894'/>
        <condition type='signal' ref='DCU11'/>
        <condition type='signal' ref='GU11'/>
        <condition type='trackvacancy' ref='PM04U'/>
        <condition type='trackvacancy' ref='804'/>
        <condition type='mutualblocking' ref='r_03_'/>
        <condition type='mutualblocking' ref='r_06_'/>
        <condition type='mutualblocking' ref='r_08_'/>
        <condition type='mutualblocking' ref='r_13b'/>
        <condition type='mutualblocking' ref='r_14b'/>
      </route>
      <route id="r_11_" source="EU11" destination="TXU11" dir="down">
        <condition type='point' val='plus' ref='PM02U'/>
        <condition type='point' val='plus' ref='PM03U'/>
        <condition type='signal' ref='CU11'/>
        <condition type='signal' ref='DU11'/>
        <condition type='signal' ref='FU11'/>
        <condition type='signal' ref='LU11'/>
        <condition type='signal' ref='LXU11'/>
        <condition type='trackvacancy' ref='PM03U'/>
        <condition type='trackvacancy' ref='PM02U'/>
        <condition type='trackvacancy' ref='083'/>
        <condition type='mutualblocking' ref='r_01_'/>
        <condition type='mutualblocking' ref='r_02_'/>
        <condition type='mutualblocking' ref='r_04_'/>
        <condition type='mutualblocking' ref='r_05_'/>
        <condition type='mutualblocking' ref='r_06_'/>
        <condition type='mutualblocking' ref='r_07_'/>
        <condition type='mutualblocking' ref='r_09_'/>
        <condition type='mutualblocking' ref='r_12_'/>
        <condition type='mutualblocking' ref='r_13b'/>
        <condition type='mutualblocking' ref='r_15_'/>
        <condition type='mutualblocking' ref='r_16_'/>
      </route>
      <route id="r_12_" source="FU11" destination="TXU11" dir="down">
        <condition type='point' val='minus' ref='PM02U'/>
        <condition type='signal' ref='CU11'/>
        <condition type='signal' ref='DU11'/>
        <condition type='signal' ref='EU11'/>
        <condition type='signal' ref='LU11'/>
        <condition type='signal' ref='LXU11'/>
        <condition type='trackvacancy' ref='PM02U'/>
        <condition type='trackvacancy' ref='083'/>
        <condition type='mutualblocking' ref='r_01_'/>
        <condition type='mutualblocking' ref='r_04_'/>
        <condition type='mutualblocking' ref='r_05_'/>
        <condition type='mutualblocking' ref='r_06_'/>
        <condition type='mutualblocking' ref='r_07_'/>
        <condition type='mutualblocking' ref='r_09_'/>
        <condition type='mutualblocking' ref='r_11_'/>
        <condition type='mutualblocking' ref='r_13b'/>
        <condition type='mutualblocking' ref='r_14b'/>
        <condition type='mutualblocking' ref='r_15_'/>
        <condition type='mutualblocking' ref='r_16_'/>
      </route>
      <route id="r_13b" source="GU11" destination="DU11" dir="down">
        <condition type='point' val='minus' ref='PM03U'/>
        <condition type='point' val='plus' ref='PM04U'/>
        <condition type='signal' ref='CU11'/>
        <condition type='signal' ref='DCU11'/>
        <condition type='signal' ref='ECU11'/>
        <condition type='signal' ref='EU11'/>
        <condition type='signal' ref='FU11'/>
        <condition type='trackvacancy' ref='PM04U'/>
        <condition type='trackvacancy' ref='801'/>
        <condition type='mutualblocking' ref='r_05_'/>
        <condition type='mutualblocking' ref='r_06_'/>
        <condition type='mutualblocking' ref='r_07_'/>
        <condition type='mutualblocking' ref='r_08_'/>
        <condition type='mutualblocking' ref='r_10_'/>
        <condition type='mutualblocking' ref='r_11_'/>
        <condition type='mutualblocking' ref='r_12_'/>
        <condition type='mutualblocking' ref='r_14b'/>
      </route>
      <route id="r_14b" source="GU11" destination="EU11" dir="down">
        <condition type='point' val='plus' ref='PM03U'/>
        <condition type='point' val='minus' ref='PM04U'/>
        <condition type='signal' ref='CU11'/>
        <condition type='signal' ref='DCU11'/>
        <condition type='signal' ref='DU11'/>
        <condition type='signal' ref='ECU11'/>
        <condition type='signal' ref='FU11'/>
        <condition type='trackvacancy' ref='PM04U'/>
        <condition type='trackvacancy' ref='802'/>
        <condition type='mutualblocking' ref='r_05_'/>
        <condition type='mutualblocking' ref='r_06_'/>
        <condition type='mutualblocking' ref='r_07_'/>
        <condition type='mutualblocking' ref='r_08_'/>
        <condition type='mutualblocking' ref='r_09_'/>
        <condition type='mutualblocking' ref='r_10_'/>
        <condition type='mutualblocking' ref='r_12_'/>
        <condition type='mutualblocking' ref='r_13b'/>
      </route>
      <route id="r_15_" source="LU11" destination="CU11" dir="up">
        <condition type='point' val='plus' ref='PM01U'/>
        <condition type='signal' ref='DU11'/>
        <condition type='signal' ref='EU11'/>
        <condition type='signal' ref='FU11'/>
        <condition type='signal' ref='LXU11'/>
        <condition type='signal' ref='TXU11'/>
        <condition type='trackvacancy' ref='PM01U'/>
        <condition type='trackvacancy' ref='083'/>
        <condition type='mutualblocking' ref='r_02_'/>
        <condition type='mutualblocking' ref='r_04_'/>
        <condition type='mutualblocking' ref='r_09_'/>
        <condition type='mutualblocking' ref='r_11_'/>
        <condition type='mutualblocking' ref='r_12_'/>
        <condition type='mutualblocking' ref='r_16_'/>
        <condition type='mutualblocking' ref='r_17_'/>
        <condition type='mutualblocking' ref='r_18_'/>
      </route>
      <route id="r_16_" source="LXU11" destination="CU11" dir="up">
        <condition type='point' val='minus' ref='PM01U'/>
        <condition type='signal' ref='DU11'/>
        <condition type='signal' ref='EU11'/>
        <condition type='signal' ref='FU11'/>
        <condition type='signal' ref='LU11'/>
        <condition type='signal' ref='TXU11'/>
        <condition type='trackvacancy' ref='PM01U'/>
        <condition type='trackvacancy' ref='083'/>
        <condition type='mutualblocking' ref='r_01_'/>
        <condition type='mutualblocking' ref='r_02_'/>
        <condition type='mutualblocking' ref='r_09_'/>
        <condition type='mutualblocking' ref='r_11_'/>
        <condition type='mutualblocking' ref='r_12_'/>
        <condition type='mutualblocking' ref='r_15_'/>
        <condition type='mutualblocking' ref='r_17_'/>
        <condition type='mutualblocking' ref='r_18_'/>
      </route>
      <route id="r_17_" source="TXU11" destination="AXU533" dir="down">
        <condition type='point' val='plus' ref='PM01U'/>
        <condition type='signal' ref='AU593'/>
        <condition type='signal' ref='LU11'/>
        <condition type='signal' ref='LXU11'/>
        <condition type='trackvacancy' ref='PM01U'/>
        <condition type='trackvacancy' ref='533'/>
        <condition type='mutualblocking' ref='r_01_'/>
        <condition type='mutualblocking' ref='r_04_'/>
        <condition type='mutualblocking' ref='r_15_'/>
        <condition type='mutualblocking' ref='r_16_'/>
        <condition type='mutualblocking' ref='r_18_'/>
      </route>
      <route id="r_18_" source="TXU11" destination="AU534" dir="down">
        <condition type='point' val='minus' ref='PM01U'/>
        <condition type='signal' ref='AXU594'/>
        <condition type='signal' ref='LU11'/>
        <condition type='signal' ref='LXU11'/>
        <condition type='trackvacancy' ref='PM01U'/>
        <condition type='trackvacancy' ref='534'/>
        <condition type='mutualblocking' ref='r_01_'/>
        <condition type='mutualblocking' ref='r_04_'/>
        <condition type='mutualblocking' ref='r_15_'/>
        <condition type='mutualblocking' ref='r_16_'/>
        <condition type='mutualblocking' ref='r_17_'/>
      </route>
    </routetable>
  </interlocking>
</xmi:XMI>
