<?xml version='1.0' encoding='UTF-8'?>
<anomalies prg="routeGen" author="Limbree Ch." dd="2020-01-27" nb="17">
        <Infos>
          <OPTcond R="R_KZM_556">(?L_NKGV(OUT_557)-s?)</OPTcond><OPTcond R="R_KYM_557">(?L_NKGV(IN_557)-s?)</OPTcond><OPTcond R="R_PXM_042">(?Ld_BSPB(042_7)-s? &amp; ?Ld_BSPA(042_7)-xs? | ?L_KTW(042)-s?)</OPTcond><OPTcond R="R_PM_042">(?Ld_BSPB(042_7)-s? &amp; ?Ld_BSPA(042_7)-xs? | ?L_KTW(042)-s?)</OPTcond><OPTcond R="R_PM_041">(?L_BSPB(041)-s? &amp; ?L_BSPA(041)-xs? | ?L_CTW(041)-s?)</OPTcond><OPTcond R="R_GYM_042">(?Ld_BSPB(042_7)-s? &amp; ?Ld_BSPA(042_7)-xs? | ?L_KTW(042)-s?)</OPTcond><OPTcond R="R_GYM_041">(?L_BSPB(041)-s? &amp; ?L_BSPA(041)-xs? | ?L_CTW(041)-s?)</OPTcond><OPTcond R="R_JYM_042">(?Ld_BSPB(042_7)-s? &amp; ?Ld_BSPA(042_7)-xs? | ?L_KTW(042)-s?)</OPTcond><OPTcond R="R_JYM_041">(?L_BSPB(041)-s? &amp; ?L_BSPA(041)-xs? | ?L_CTW(041)-s?)</OPTcond><OPTcond R="R_jy546m_JYM">(?L_NKGV(OUT_546)-s?)</OPTcond><OPTcond R="R_jy548m_JYM">(?L_NKGV(OUT_548)-s?)</OPTcond><OPTcond R="R_j545m_JM">(?L_NKGV(OUT_545)-s?)</OPTcond><OPTcond R="R_j547m_JM">(?L_NKGV(OUT_547)-s?)</OPTcond><OPTcond R="R_36M_546">(?L_NKGV(IN_546)-s?)</OPTcond><OPTcond R="R_36M_548">(?L_NKGV(IN_548)-s?)</OPTcond><OPTcond R="R_15M_545">(?L_NKGV(IN_545)-s?)</OPTcond><OPTcond R="R_15M_547">(?L_NKGV(IN_547)-s?)</OPTcond>
        </Infos>
      </anomalies>